Workbook

Sheet Данные 
A1: Город | B1: Провайдер | C1: На кого оформлен | D1: Номер договора | E1: Телефон | F1: ЛК
A2: Тюмень | B2: Эр-телеком холдинг | C2: ООО Безопасный город | D2: ФК5610 | E2: 88003332444 | F2: https://auth.dom.ru/auth/realms/user/protocol/openid-connect/auth?response_type=code&redirect_uri=https%3A%2F%2Fnewlkb2b.dom.ru%2Flk&client_id=lkb2b&nonce=7c18d7d140f36a1abe642da98ff7fdce&state=0e9862fd05f45efee6156aa126019c4d&scope=openid | G2: spirina@gorod.expert | H2: wy6f04wh
A3: Тюмень | B3: Позитив | C3: ООО Безопасный город | D3: 00-0655 от 19.05.2022 | E3: 8-3452-56-22-26 | F3: https://lk.pozitivtelecom.ru/accounts/00-0655/details | G3: v295334 | H3: 2953347
A4: Тюмень | B4: Ростелеком | C4: Сафиуллин Раниф | F4: https://b2c.passport.rt.ru/auth/realms/b2c/login-actions/authenticate?execution=fc343b3b-9ff7-4786-bb30-e60caa7821cd&client_id=lk_b2c&tab_id=42XYkA7yKv0 | G4: 7 905 375-48-65 | H4: K.3XK3u*jp73#yL
A5: Тюмень | B5: Дом.ру | C5: Ссылка для входа в ЛК физ.лица | E5: 88003332444 | F5: https://tmn.dom.ru/user/login?referrer=/lk&utm_referrer=https://yandex.ru/ | G5: индивидуальные данные
A6: Зеленодольск | B6: Интердол | C6: ООО Сектор безопасности | D6: 16966-06-2021 | E6: 8-84371-9-30-00
A7: Казань | B7: Йота | C7: Сафиуллин Раниф | F7: https://lk.yota.ru/devices | G7: 89053754865 | H7: Gmail.com7a!
A8: Казань | B8: Йота | C8: Якупов Марат | F8: https://my.yota.ru/devices | G8: 89600343630 | H8: Marat2021!
B9: МТС юр лицо | C9: Сафиуллин Раниф | F9: https://lk-b2b.mts.ru/mts_business_web/history
B10: Татаиснефть | E10: 8 (8553) 30‑50-00
B11: МТС | E11: 8 (800) 250-08-90
B12: Ростелеком (РТК) | E12: 8 (800) 100-08-00
B13: Казгорсеть (КГС) | E13: 8 (843) 209-02-09 | F13: нажать 2, затем 2
B14: Таттелеком | E14: 8 (843) 222-22-22
B15: Дом.ру | E15: 8 (800) 707-42-19 | F15: 88003332444- тех. поддержка
B16: ОНИКС | E16: 89270369393

Sheet Альметьевск
B1: Кол-во | C1: Адреса и где находится шкаф в примечании | D1: Кол-во подъездов | E1: Ссылки на роутер | F1: УК | G1: ФИО | H1: Оператор | I1: Договор, логин и пароль в примечании | J1: Что установлено | K1: Дата списание | L1: Тариф | M1: оплата в декабре | O1: Оплата в ноябре | Q1: оплата в октябре | S1: оплата в сентябре | U1: оплата в августе | W1: оплата в июле | Y1: оплата в июне | AA1: Оплата в мае | AC1: ОПЛАТА В АПРЕЛЕ | AE1: ОПЛАТА В МАРТЕ | AG1: Оплата в феврале | AI1: Оплата в январе
A2: 1 | B2: 1 | C2: Галеева 4 | D2: 1 | E2: http://78.138.177.251:8888 | F2: Алсу | G2: Фадеев Вячеслав Александрович кв.5, 8(987)230-64-09 | H2: Таттелеком | I2: 103887738 | J2: Камеры | K2: 30 числа | L2: 590 | M2: 590 | N2: 46009 | O2: 590 | P2: 45980 | Q2: 590 | R2: 45947 | S2: 590 | T2: 45919 | U2: 590 | V2: 590 | W2: 590 | X2: 45861 | Y2: 590 | Z2: 45827 | AA2: 590 | AB2: 45797 | AC2: 590 | AD2: 45763 | AE2: 590 | AF2: 45735 | AG2: 590 | AH2: 45706 | AI2: 590 | AJ2: 45678
A3: 2 | B3: 2 | C3: Галеева 8 | D3: 6 | E3: http://217.173.19.66:81 | F3: Алсу | G3: Фаракшин Фарит Минакдясович кв.102, +7 (999) 169-08-64 | H3: МТС | I3: 31039503035 | J3: Камеры | K3: до 6 числа | L3: 830 | M3: 830 | N3: 46009 | O3: 830 | P3: 45979 | Q3: 830 | R3: 45947 | S3: 830 | T3: 45919 | U3: 830 | V3: 830 | W3: 830 | X3: 45861 | Y3: 830 | Z3: 45827 | AA3: 830 | AB3: 45797 | AC3: 830 | AD3: 45764 | AE3: 830 | AF3: 45735 | AG3: 830 | AH3: 45706 | AI3: 830 | AJ3: 45678
A4: 3 | B4: 3 | C4: Галеева 10 | D4: 6 | E4: http://178.207.9.103 | F4: Алсу | G4: Нуриахмедов Талгат Марсович кв.1, +7 (917) 233-15-29 | H4: Таттелеком | I4: 103862466 | J4: Камеры | K4: 25 числа | L4: 900 | M4: 900 | N4: 46009 | O4: 900 | P4: 45980 | Q4: 900 | R4: 45947 | S4: 900 | T4: 45923 | U4: 0 | V4: 0 | W4: 0 | Y4: 0 | AA4: 0 | AC4: 0 | AE4: 0 | AG4: 0 | AI4: 0
A5: 4 | B5: 4 | C5: Галеева 22 | D5: 5 | E5: http://78.138.174.236:8080 | F5: Алсу | G5: Маннанов Марсель Забирович, кв.1, .8 9870627535 | H5: Таттелеком | I5: 105 408 289 от 30.12.19 | J5: Камеры | K5: 25 числа | L5: 690 | M5: 690 | N5: 46009 | O5: 690 | P5: 45980 | Q5: 690 | R5: 45947 | S5: 690 | T5: 45919 | U5: 660 | V5: 660 | W5: 660 | X5: 45861 | Y5: 660 | Z5: 45827 | AA5: 0 | AC5: 650 | AD5: 45763 | AE5: 660 | AF5: 45735 | AG5: 660 | AH5: 45706 | AI5: 660 | AJ5: 45678
A6: 5 | B6: 5 | C6: Галеева 23 | D6: 11 | E6: http://178.207.12.175 | F6: Алсу | G6: Валиева Резеда Рависовна кв.191, звонить ей - 89991692785 (посл раз при звонке муж сказал звонить ей 8 (919) 631-11-60 номер ее мужа. | H6: Таттелеком | I6: 101778152 | J6: Спутник, Камеры | K6: 25 числа | L6: абон.плата 800 руб. в месяц+50р =920 | M6: 920 | N6: 46009 | O6: 920 | P6: 45980 | Q6: 920 | R6: 45947 | S6: 920 | T6: 45919 | U6: 920 | V6: 920 | W6: 920 | X6: 45861 | Y6: 920 | Z6: 45827 | AA6: 920 | AB6: 45797 | AC6: 920 | AD6: 45763 | AE6: 920 | AF6: 45735 | AG6: 920 | AH6: 45706 | AI6: 920 | AJ6: 45678
A7: 6 | B7: 6 | C7: Галеева 25 | D7: 10 | E7: http://178.207.12.220 | F7: Алсу | G7: Зиганшина Ляйсан Илсуровна кв.123, 8(927)455-35-55 | H7: Таттелеком | I7: 101032467 | J7: Камеры | K7: 25 числа | L7: АБ. опл.795 р. без рассрочки, 3227р. с рассрочкой | M7: 795 | N7: 46009 | O7: 795 | P7: 45980 | Q7: 795 | R7: 45947 | S7: 795 | T7: 45919 | U7: 795 | V7: 795 | W7: 795 | X7: 45861 | Y7: 795 | Z7: 45827 | AA7: 795 | AB7: 45797 | AC7: 795 | AD7: 45763 | AE7: 795 | AF7: 45735 | AG7: 795 | AH7: 45706 | AI7: 795 | AJ7: 45678
A8: 7 | B8: 7 | C8: Галеева 27 | D8: 9 | E8: http://185.148.216.67 | F8: Алсу | G8: Сальцин Алексей В. кв.122, 8(927)424-24-33 | H8: Татаиснефть | I8: 104 73 29 | J8: Спутник, Камеры | K8: до 25 числа | L8: 905р. | M8: 905 | N8: 46009 | O8: 905 | P8: 45980 | Q8: 905 | R8: 45947 | S8: 905 | T8: 45919 | U8: 905 | V8: 905 | W8: 905 | X8: 45861 | Y8: 905 | Z8: 45826 | AA8: 905 | AB8: 45797 | AC8: 905 | AD8: 45763 | AE8: 905 | AF8: 45735 | AG8: 905 | AH8: 45706 | AI8: 905 | AJ8: 45678
A9: 8 | B9: 8 | C9: Галеева 29 | D9: 9 | E9: http://178.207.12.177:8080 | F9: Алсу | G9: Крифтиков Николай Николаевич | H9: Таттелеком | I9: 102570522 | J9: Камеры | K9: 25 числа | L9: 920 | M9: 920 | N9: 46009 | O9: 920 | P9: 45980 | Q9: 920 | R9: 45947 | S9: 920 | T9: 45919 | U9: 920 | V9: 920 | W9: 890 | X9: 45861 | Y9: 890 | Z9: 45827 | AA9: 890 | AB9: 45797 | AC9: 890 | AD9: 45763 | AE9: 890 | AF9: 45735 | AG9: 890 | AH9: 45706 | AI9: 890 | AJ9: 45678
A10: 9 | B10: 9 | C10: Галеева 31 | D10: 9 | E10: http://217.173.17.173 | F10: Алсу | G10: Рафикова Альбина Георгиевна кв.82, 89872836671 | H10: МТС | I10: 310 391 39 074 | J10: Спутник, Камеры | K10: до 15 числа | L10: 700 | M10: 700 | O10: 700 | Q10: 700 | R10: 45976 | S10: 700 | T10: 45919 | U10: 700 | W10: 700 | Y10: 700 | Z10: 45853 | AA10: 1400 | AB10: 45823 | AC10: 700 | AD10: 45764 | AE10: 0 | AG10: 1400 | AH10: 45706 | AI10: 700 | AJ10: 45667
A11: 10 | B11: 10 | C11: Галеева 33 | D11: 9 | E11: http://217.173.17.191 | F11: Алсу | G11: Ахметшин Нияз Зуфарович | H11: МТС | I11: 310 392 679 03 | J11: Спутник, Камеры | K11: до 25 числа | L11: 1069 | M11: 1069 | N11: 46009 | O11: 1069 | P11: 45979 | Q11: 1069 | R11: 45947 | S11: 1069 | T11: 45919 | U11: 1069 | V11: 1069 | W11: 1069 | X11: 45861 | Y11: 1069 | Z11: 45827 | AA11: 1069 | AB11: 45797 | AC11: 1069 | AD11: 45764 | AE11: 1069 | AF11: 45735 | AG11: 1069 | AH11: 45706 | AI11: 1069 | AJ11: 45678
A12: 11 | B12: 11 | C12: Галеева 35 | D12: 9 | E12: http://78.138.190.178/ | F12: Алсу | G12: Миргазитов Алмаз Ирекович кв 234 | H12: Таттелеком | I12: 105 911 370 | J12: Камеры | K12: 25 числа | L12: 549 | M12: 549 | N12: 46009 | O12: 549 | P12: 45980 | Q12: 549 | R12: 45947 | S12: 549 | T12: 45919 | U12: 549 | V12: 549 | W12: 549 | X12: 45861 | Y12: 549 | Z12: 45827 | AA12: 549 | AB12: 45797 | AC12: 549 | AD12: 45763 | AE12: 549 | AF12: 45735 | AG12: 549 | AH12: 45706 | AI12: 549 | AJ12: 45678
A13: 12 | B13: 12 | C13: Гафиатуллина 62 | D13: 2 | E13: http://185.148.216.28:8080/ | F13: Алсу | G13: Гатауллин Марсель Валиаметович, кв. 36, 89274708700 | H13: Татаиснефть | I13: 1060523 | J13: Спутник, Камеры | L13: 440 | M13: 440 | N13: 46009 | O13: 440 | P13: 45980 | Q13: 440 | R13: 45947 | S13: 440 | T13: 45919 | U13: 440 | V13: 440 | W13: 440 | X13: 45861 | Y13: 440 | Z13: 45826 | AA13: 440 | AB13: 45797 | AC13: 440 | AD13: 45763 | AE13: 440 | AF13: 45735 | AG13: 440 | AH13: 45706 | AI13: 440 | AJ13: 45678
A14: 21 | B14: 20 | C14: Ленина 106 | D14: 2 | F14: Алсу | G14: 89869007887 | H14: МТС | J14: Спутник | K14: до 24 числа | L14: 800 | M14: 800 | N14: 46009 | O14: 800 | P14: 45980 | Q14: 800 | R14: 45947 | S14: 800 | T14: 45919 | U14: 800 | V14: 800 | W14: 800 | X14: 45861 | Y14: 800 | Z14: 45827 | AA14: 800 | AB14: 45797 | AC14: 800 | AD14: 45764 | AE14: 800 | AF14: 45735 | AG14: 800 | AH14: 45706 | AI14: 800 | AJ14: 45678
A15: 22 | B15: 21 | C15: Ленина 147 | D15: 2 | F15: Алсу | G15: Кадыров Радик Халитович, 8917 270 93 90 | H15: МТС | I15: 216300440448 | J15: Спутник | L15: 870 | M15: 870 | N15: 46009 | O15: 870 | P15: 45980 | Q15: 870 | R15: 45947 | S15: 870 | T15: 45919 | U15: 870 | V15: 870 | W15: 870 | X15: 45861 | Y15: 870 | Z15: 45827 | AA15: 870 | AB15: 45797 | AC15: 870 | AD15: 45764 | AE15: 870 | AF15: 45735 | AG15: 870 | AH15: 45706 | AI15: 870 | AJ15: 45678
A16: 23 | B16: 22 | C16: Ленина 143 | D16: 4 | F16: Алсу | G16: Зигангирова Регина Фархатовна, 89625743377 | H16: Таттелеком | I16: 102137106 | J16: Спутник | K16: 25 числа | L16: 550 | M16: 550 | N16: 46009 | O16: 550 | P16: 45980 | Q16: 550 | R16: 45947 | S16: 550 | T16: 45919 | U16: 550 | V16: 550 | W16: 550 | X16: 45861 | Y16: 550 | Z16: 45827 | AA16: 550 | AB16: 45797 | AC16: 550 | AD16: 45763 | AE16: 550 | AF16: 45735 | AG16: 550 | AH16: 45706 | AI16: 550 | AJ16: 45678
A17: 20 | B17: 23 | C17: Ленина 157 А | D17: 2 | E17: http://178.207.13.192:8080 | F17: Алсу | G17: Кучкина Светлана. кв. 40, домофон 2402, 8(960)059-92-18 | H17: Таттелеком | I17: 102241141 | J17: Спутник, Камеры | K17: 25 числа | L17: 810 | M17: 810 | N17: 46009 | O17: 810 | P17: 45980 | Q17: 810 | R17: 45947 | S17: 640 | T17: 45919 | U17: 640 | V17: 640 | W17: 640 | X17: 45861 | Y17: 640 | Z17: 45827 | AA17: 640 | AB17: 45797 | AC17: 640 | AD17: 45763 | AE17: 640 | AF17: 45735 | AG17: 640 | AH17: 45706 | AI17: 640 | AJ17: 45678
A18: 21 | B18: 24 | C18: Нефтяников 11А | D18: 1 | E18: http://185.148.219.161 | F18: Алсу | G18: Аюпов Сергей Александрович кв 12 89874207630 | H18: Татаиснефть | I18: 10 52 354 | J18: Камеры | K18: до 25 числа | L18: 350 | M18: 350 | N18: 46009 | O18: 350 | P18: 45980 | Q18: 350 | R18: 45947 | S18: 350 | T18: 45919 | U18: 350 | V18: 350 | W18: 350 | X18: 45861 | Y18: 350 | Z18: 45826 | AA18: 350 | AB18: 45797 | AC18: 350 | AD18: 45763 | AE18: 350 | AF18: 45735 | AG18: 350 | AH18: 45706 | AI18: 350 | AJ18: 45678
A19: 26 | B19: 25 | C19: Нефтяников 17 | D19: 3 | F19: Алсу | G19: Елесеева Дарья Владимировна | H19: МТС | J19: Спутник | L19: 500 | M19: 500 | N19: 46009 | O19: 500 | P19: 45980 | Q19: 500 | R19: 45947 | S19: 500 | T19: 45919 | U19: 500 | V19: 500 | W19: 500 | X19: 45861 | Y19: 500 | Z19: 45827 | AA19: 500 | AB19: 45797 | AC19: 500 | AD19: 45764 | AE19: 500 | AF19: 45735 | AG19: 500 | AH19: 45706 | AI19: 500 | AJ19: 45678
A20: 22 | B20: 26 | C20: Нефтяников 35 | D20: 4 | E20: http://neftyanikov35.keenetic.link | F20: Алсу | G20: Васильев Богдан | H20: Таттелеком | I20: 107172579 | J20: Спутник, Камеры | K20: 25 числа | L20: 470 | M20: 470 | N20: 46009 | O20: 470 | P20: 45980 | Q20: 470 | R20: 45947 | S20: 470 | T20: 45919 | U20: 470 | V20: 470 | W20: 470 | X20: 45861 | Y20: 470 | Z20: 45827 | AA20: 470 | AB20: 45797 | AC20: 450 | AD20: 45763 | AE20: 450 | AF20: 45735 | AG20: 450 | AH20: 45706 | AI20: 450 | AJ20: 45678
A21: 24 | B21: 27 | C21: Строителей 61 | D21: 1 | E21: http://178.207.12.187 | F21: Алсу | G21: Новикова Лилия Раисовна кв.12, 89503138559 | H21: Таттелеком | I21: 106 350 692 | J21: Камеры | K21: 25 числа | L21: 981 | M21: 981 | N21: 46009 | O21: 981 | P21: 45980 | Q21: 981 | R21: 45947 | S21: 981 | T21: 45919 | U21: 981 | V21: 981 | W21: 981 | X21: 45861 | Y21: 981 | Z21: 45827 | AA21: 981 | AB21: 45797 | AC21: 981 | AD21: 45763 | AE21: 981 | AF21: 45735 | AG21: 981 | AH21: 45706 | AI21: 981 | AJ21: 45678
A22: 25 | C22: Строителей 53б | D22: 3 | F22: Алсу | G22: Ананьева Олеся Владимировна, кв 63 89172239401 | H22: Таттелеком | I22: 107456908 | J22: камеры, спутники | K22: 8 числа | L22: 750 | M22: 750 | O22: 750 | Q22: 750 | R22: 45960 | S22: 750 | U22: 750 | W22: 750 | Y22: 750 | Z22: 45846 | AA22: 750 | AB22: 45816 | AC22: =530+650 -> 1180 | AD22: 45763 | AF22: 45729
A23: 26 | B23: 28 | C23: Строителей 68 | D23: 7 | E23: http://78.138.190.21/ | F23: Алсу | G23: кв.265 Халилова Марина Игоревна | H23: Таттелеком | I23: 100 726 004 | J23: Спутник, Камеры | K23: 25 числа | L23: 693 | M23: 693 | N23: 46009 | O23: 693 | P23: 45980 | Q23: 693 | R23: 45947 | S23: 693 | T23: 45919 | U23: 693 | V23: 693 | W23: 693 | X23: 45861 | Y23: 693 | Z23: 45827 | AA23: 693 | AB23: 45797 | AC23: 693 | AD23: 45763 | AE23: 693 | AF23: 45735 | AG23: 693 | AH23: 45706 | AI23: 693 | AJ23: 45678
A24: 27 | C24: Строителей 70 | D24: 1 | F24: Алсу | G24: Замалиев Руслан Ришатович, 89867124313 | H24: МТС | I24: 31033300970 | J24: Камеры | K24: 08 числа | L24: 850 | M24: 850 | O24: 790 | Q24: 790 | S24: 790 | T24: 45919 | U24: 790 | W24: 790 | Y24: 790 | Z24: 45845 | AA24: 790 | AB24: 45815 | AC24: 790 | AD24: 45764 | AE24: 790 | AF24: 45735 | AG24: 470 | AH24: 45706 | AI24: 320 | AJ24: 45678
A25: 28 | C25: Строителей 74 | D25: 5 | F25: Алсу | G25: Кропачева Алия Рафаэльевна , кв 36 | H25: Таттелеком | I25: 107516355 | J25: Камеры | K25: 25 числа | L25: 550 | M25: 550 | N25: 46009 | O25: 550 | P25: 45980 | Q25: 550 | R25: 45947 | S25: 550 | T25: 45919 | U25: 550 | V25: 550 | W25: 550 | X25: 45861 | Y25: 550 | Z25: 45827 | AA25: 550 | AB25: 45797 | AC25: 550 | AD25: 45763 | AE25: 550 | AF25: 45735 | AG25: 550 | AH25: 45706 | AI25: 550 | AJ25: 45678
A26: 29 | C26: Строителей 78 | D26: 4 | F26: Алсу | G26: Булатова Альбина Рамилевна, кв 118 | H26: Таттелеком | I26: 104717269 | J26: Камеры | K26: 25 числа | L26: 590 | M26: 590 | N26: 46009 | O26: 590 | P26: 45980 | Q26: 590 | R26: 45947 | S26: 590 | T26: 45919 | U26: 590 | V26: 590 | W26: 590 | X26: 45861 | Y26: 590 | Z26: 45827 | AA26: 590 | AB26: 45797 | AC26: 590 | AD26: 45763 | AE26: 590 | AF26: 45735 | AG26: 590 | AH26: 45706 | AI26: 590 | AJ26: 45678
A27: 30 | B27: 31 | C27: Строителей 76 | D27: 6 | E27: https://stroitelei76.keenetic.link/ | F27: Алсу | G27: Фролов Геннадий Александрович, кв 230 +79393775392 | H27: Татаиснефть | I27: 105 96 65 | J27: Камеры | K27: 25 числа | L27: 670 | M27: 670 | N27: 46009 | O27: 670 | P27: 45980 | Q27: 670 | R27: 45947 | S27: 670 | T27: 45919 | U27: 490 | V27: 490 | W27: 490 | X27: 45861 | Y27: 490 | Z27: 45826 | AA27: 490 | AB27: 45797 | AC27: 490 | AD27: 45763 | AE27: 490 | AF27: 45735 | AG27: 490 | AH27: 45706 | AI27: 490 | AJ27: 45678
A28: 31 | B28: 32 | C28: Строителей 80 | D28: 6 | E28: http://178.207.15.106:8080 | F28: Алсу | G28: Крымский Дамир Рафаэльевич | H28: Таттелеком | I28: 105 831 706 | J28: Камеры | K28: 25 числа | L28: 649 | M28: 649 | N28: 46009 | O28: 649 | P28: 45980 | Q28: 649 | R28: 45947 | S28: 649 | T28: 45919 | U28: 649 | V28: 649 | W28: 649 | X28: 45861 | Y28: 649 | Z28: 45827 | AA28: 649 | AB28: 45797 | AC28: 649 | AD28: 45763 | AE28: 649 | AF28: 45735 | AG28: 649 | AH28: 45706 | AI28: 649 | AJ28: 45678
A29: 32 | B29: 33 | C29: Чернышевского 46а | D29: 2 | E29: http://178.207.8.74 | F29: Алсу | G29: Хаббулина Рамиля Мохаметкасимовна, 89869135351 | H29: Таттелеком | I29: 104080067 | J29: Камеры | K29: 25 числа | L29: 795 | M29: 750 | N29: 46009 | O29: 750 | P29: 45980 | Q29: 750 | R29: 45947 | S29: 750 | T29: 45919 | U29: 750 | V29: 750 | W29: 750 | X29: 45861 | Y29: 720 | Z29: 45827 | AA29: 720 | AB29: 45797 | AC29: 720 | AD29: 45763 | AE29: 720 | AF29: 45735 | AG29: 720 | AH29: 45706 | AI29: 720 | AJ29: 45678
A30: 33 | B30: 34 | C30: Новикова 1 | D30: 6 | E30: http://178.207.8.118:8080 | F30: Алсу | G30: Кузнецов Артем Степанович | H30: Таттелеком | I30: 106124091 | J30: Спутник, Камеры | K30: 25 числа | L30: 580 | M30: 580 | N30: 46009 | O30: 580 | P30: 45980 | Q30: 580 | R30: 45947 | S30: 580 | T30: 45919 | U30: 580 | V30: 580 | W30: 580 | X30: 45861 | Y30: 580 | Z30: 45827 | AA30: 580 | AB30: 45797 | AC30: 459 | AD30: 45763 | AE30: 459 | AF30: 45735 | AG30: 459 | AH30: 45706 | AI30: 459 | AJ30: 45678
A31: 34 | C31: Олимпик лайф 2 Гафиатул 60 | F31: Алсу | G31: Якупов Марат | H31: Йота | L31: 850 | M31: 850 | N31: 46009 | O31: 0 | Q31: 850 | R31: 45947 | S31: 850 | T31: 45919 | U31: 850 | V31: 45889 | W31: 850 | X31: 45861 | Y31: 850 | Z31: 45826 | AA31: 850 | AB31: 45797
A32: 40 | B32: 35 | C32: Шевченко 116 | F32: Алсу | G32: Калимуллин Раиль Гаптрашитович кв 41 89173936018 | H32: МТС | J32: Спутник | K32: 10 числа | L32: 925 | M32: 925 | O32: 925 | Q32: 925 | S32: 925 | T32: 45919 | U32: 925 | W32: 925 | Y32: 925 | Z32: 45848 | AA32: 1680 | AB32: 45818 | AC32: 840 | AD32: 45763 | AE32: 840 | AF32: 45735 | AG32: 840 | AH32: 45706 | AI32: 840 | AJ32: 45678
A33: 13 | B33: 13 | C33: Гафиатуллина 66 | D33: 4 | E33: http://217.173.19.42:8080/ | F33: Альмет | G33: Сания Зуфаровна Х | H33: МТС | J33: Спутник, Камеры | L33: 989 | M33: 989 | N33: 46009 | O33: 989 | P33: 45979 | Q33: 989 | R33: 45947 | S33: 989 | T33: 45919 | U33: 989 | V33: 989 | W33: 750 | X33: 45857 | Y33: 750 | Z33: 45827 | AA33: 750 | AB33: 45797 | AC33: 750 | AD33: 45764 | AE33: 750 | AF33: 45735 | AG33: 750 | AH33: 45706 | AI33: 750 | AJ33: 45678
A34: 13 | B34: 13 | C34: Гафиатуллина 66 | D34: 4 | E34: http://217.173.19.42:8080/ | F34: Альмет | H34: МТС (юр лицо) | I34: в лк брать счет | J34: Спутник, Камеры | K34: ? | L34: ?
A35: 14 | B35: 14 | C35: Зарипова 5 | D35: 2 | E35: http://217.173.17.140:8080 | F35: Альмет | G35: Муфазарова Эльвира Жоробаева, кв 28, | H35: МТС | I35: 31030631761 | J35: Спутник, Камеры | L35: 1070 | M35: 1071 | N35: 46009 | O35: 1070 | P35: 45979 | Q35: 1070 | R35: 45947 | S35: 1070 | T35: 45919 | U35: 965 | V35: 965 | W35: 965 | X35: 45861 | Y35: 965 | Z35: 45826 | AA35: 965 | AB35: 45797 | AC35: 965 | AD35: 45763 | AE35: 965 | AF35: 45735 | AG35: 0 | AI35: 915
A36: 15 | B36: 15 | C36: Зарипова 11 | D36: 2 | E36: http://185.148.216.4 | F36: Альмет | G36: Яруллин Фарит кв.39, 8(917)234-70-60 | H36: Татаиснефть | I36: 104 83 60 | J36: Спутник, Камеры | K36: 1 числа | L36: 695р. | M36: 695 | N36: 46009 | O36: 695 | P36: 45980 | Q36: 695 | R36: 45947 | S36: 695 | T36: 45919 | U36: 695 | V36: 695 | W36: 695 | X36: 45861 | Y36: 695 | Z36: 45826 | AA36: 695 | AB36: 45797 | AC36: 695 | AD36: 45763 | AE36: 695 | AF36: 45735 | AG36: 695 | AH36: 45706 | AI36: 695 | AJ36: 45678
A37: 16 | B37: 16 | C37: Зарипова 13Б | D37: 3 | E37: http://178.207.13.207 | F37: Альмет | G37: Шарифуллин Динар Ильфирович кв.44, 8(917)220-66-29 | H37: Таттелеком | I37: 102032812 | J37: Спутник, Камеры | K37: 25 числа | L37: 590 | M37: 590 | N37: 46009 | O37: 590 | P37: 45980 | Q37: 590 | R37: 45947 | S37: 590 | T37: 45919 | U37: 590 | V37: 590 | W37: 590 | X37: 45861 | Y37: 569 | Z37: 45827 | AA37: 569 | AB37: 45797 | AC37: 569 | AD37: 45763 | AE37: 569 | AF37: 45735 | AG37: 569 | AH37: 45706 | AI37: 569 | AJ37: 45678
A38: 17 | B38: 17 | C38: Зарипова 13А | D38: 2 | E38: http://78.138.190.10:80 | F38: Альмет | G38: Асафов Виктор Андреевич, 89871752101 кв 38 | H38: Таттелеком | I38: 105556984 | J38: Спутник, Камеры | K38: 25 числа | L38: 600 | M38: 600 | N38: 46009 | O38: 600 | P38: 45980 | Q38: 600 | R38: 45947 | S38: 600 | T38: 45919 | U38: 600 | V38: 600 | W38: 600 | X38: 45861 | Y38: 600 | Z38: 45827 | AA38: 600 | AB38: 45797 | AC38: 600 | AD38: 45763 | AE38: 600 | AF38: 45735 | AG38: 600 | AH38: 45706 | AI38: 600 | AJ38: 45678
A39: 18 | B39: 18 | C39: Зарипова 17 | D39: 2 | E39: http://178.207.67.192/ | F39: Альмет | G39: Мухаматов Ильгиз Илгизарович. | H39: Таттелеком | I39: 101 715 440 | J39: Спутник | K39: 25 числа | L39: 490 | M39: 490 | N39: 46009 | O39: 490 | P39: 45980 | Q39: 490 | R39: 45947 | S39: 490 | T39: 45919 | U39: 490 | V39: 490 | W39: 490 | X39: 45861 | Y39: 490 | Z39: 45827 | AA39: 490 | AB39: 45797 | AC39: 490 | AD39: 45763 | AE39: 490 | AF39: 45735 | AG39: 490 | AH39: 45706 | AI39: 490 | AJ39: 45678
A40: 18 | B40: 18 | C40: Зарипова 21 | D40: 5 | E40: http://217.173.17.188:8080 | F40: Альмет | G40: Нурдиллаев Рамиль Равилевич кв.43, 8(917)859-10-55 | H40: МТС | I40: 31039260179 | J40: Спутник, Камеры | K40: до 25 числа | L40: 450р. | M40: 450 | N40: 46009 | O40: 450 | P40: 45980 | Q40: 450 | R40: 45947 | S40: 450 | T40: 45919 | U40: 450 | V40: 450 | W40: 450 | X40: 45861 | Y40: 450 | Z40: 45827 | AA40: 450 | AB40: 45797 | AC40: 450 | AD40: 45764 | AE40: 450 | AF40: 45735 | AG40: 450 | AH40: 45706 | AI40: 450 | AJ40: 45678
A41: 19 | B41: 19 | C41: Аминова 3 | D41: 3 | E41: http://185.148.217.40:8080/ | F41: Альмет | G41: Чизракова Наталья Андреевна | H41: ТатАИСнефть | I41: 104 4477 | J41: Спутник, Камеры | L41: 390 | M41: 390 | N41: 46009 | O41: 390 | P41: 45980 | Q41: 390 | R41: 45947 | S41: 390 | T41: 45919 | U41: 390 | V41: 390 | W41: 390 | X41: 45861 | Y41: 390 | Z41: 45826 | AA41: 390 | AB41: 45797 | AC41: 390 | AD41: 45763 | AE41: 390 | AF41: 45735 | AG41: 390 | AH41: 45706 | AI41: 390 | AJ41: 45678
M42: =SUM(M2:M41) -> 27771 | O42: =SUM(O2:O41) -> 26860 | Q42: =SUM(Q2:Q41) -> 27710 | S42: =SUM(S2:S41) -> 27540 | U42: =SUM(U2:U41) -> 26325 | W42: =SUM(W2:W41) -> 26056 | Y42: =SUM(Y2:Y41) -> 26005 | AA42: =SUM(AA2:AA41) -> 26800 | AC42: =SUM(AC2:AC41) -> 25349 | AE42: =SUM(AE2:AE41) -> 23479 | AG42: =SUM(AG2:AG41) -> 23594 | AI42: =SUM(AI2:AI41) -> 23659
L44: АЛСУ | M44: =SUM(M2:M32) -> 22496 | O44: =SUM(O2:O32) -> 21586 | Q44: =SUM(Q2:Q32) -> 22436 | S44: =SUM(S2:S32) -> 22266 | U44: =SUM(U2:U32) -> 21156 | W44: =SUM(W2:W32) -> 21126 | Y44: =SUM(Y2:Y32) -> 21096 | AA44: =SUM(AA2:AA32) -> 21891 | AC44: =SUM(AC2:AC32) -> 20440 | AE44: =SUM(AE2:AE32) -> 18570 | AG44: =SUM(AG2:AG32) -> 19650 | AI44: =SUM(AI2:AI32) -> 18800 | AK44: =SUM(M44:AI44) -> 251513
L45: АЛЬМЕТЬЕВСК | M45: =SUM(M33:M41) -> 5275 | O45: =SUM(O33:O41) -> 5274 | Q45: =SUM(Q33:Q41) -> 5274 | S45: =SUM(S33:S41) -> 5274 | U45: =SUM(U33:U41) -> 5169 | W45: =SUM(W33:W41) -> 4930 | Y45: =SUM(Y33:Y41) -> 4909 | AA45: =SUM(AA33:AA41) -> 4909 | AC45: =SUM(AC33:AC41) -> 4909 | AE45: =SUM(AE33:AE41) -> 4909 | AG45: =SUM(AG33:AG41) -> 3944 | AI45: =SUM(AI33:AI41) -> 4859 | AK45: =SUM(M45:AI45) -> 59635
AA47: 85991.4 | AE47: ИТОГО
M48: =M42+'Зеленодольск'!M30+'Иннополис'!N4+'Казань'!M17+'Зион'!O30+'Тюмень'!N100 -> 111056 | O48: =O42+'Зеленодольск'!O30+'Иннополис'!P4+'Казань'!O17+'Зион'!Q30+'Тюмень'!P100 -> 94999.01 | Q48: =Q42+'Зеленодольск'!Q30+'Иннополис'!R4+'Казань'!Q17+'Зион'!S30+'Тюмень'!R100 -> 96988 | S48: =S42+'Зеленодольск'!S30+'Иннополис'!T4+'Казань'!S17+'Зион'!U30+'Тюмень'!T100 -> 94619 | U48: =U42+'Зеленодольск'!U30+'Иннополис'!V4+'Казань'!U17+'Зион'!W30+'Тюмень'!V100 -> 92458.88 | W48: =W42+'Зеленодольск'!W30+'Казань'!W17+'Иннополис'!X4+'Зион'!Y30+'Тюмень'!X100+'Раниф тест'!T3 -> 89754 | Y48: =Y42+'Казань'!Y17+'Зеленодольск'!Y30+'Иннополис'!Z4+'Зион'!AA30+'Тюмень'!Z100+'Раниф тест'!V3 -> 87242 | AA48: =AA42+'Казань'!AA17+'Зеленодольск'!AA30+'Иннополис'!AB4+'Зион'!AC30+'Тюмень'!AB100+'Раниф тест'!X3 -> 85446.4 | AC48: =AC42+'Казань'!AC17+'Зеленодольск'!AC30+'Иннополис'!AD4+'Зион'!AE30+'Раниф тест'!Z3+'Тюмень'!AD100 -> 78900.86 | AE48: =AE42+'Казань'!AE17+'Зеленодольск'!AE30+'Иннополис'!AF4+'Зион'!AG30+'Раниф тест'!AB5+'Тюмень'!AF100+'Марат'!U2 -> 82888 | AG48: =AG42+'Казань'!AG17+'Зеленодольск'!AG30+'Иннополис'!AH4+'Тюмень'!AH100+'Зион'!AI41 -> 79593 | AI48: =AI42+'Казань'!AI17+'Зеленодольск'!AI30+'Тюмень'!AJ100+'Иннополис'!AJ4+'Зион'!AK30+'Зион'!AI30+'Раниф тест'!AF3 -> 85640.63
O49: 518 | Q49: 4537 из кассы | Y49: 665 лишнее с йоты, но я их закинула на йоту | AA49: 600 | AB49: взять у Марата | AC49: 600 | AD49: марат | AE49: 699 | AF49: степная 1 а вернула
O50: 322 | Q50: 91206 | AC50: 3500 | AD50: моя зп | AE50: =AE48-AE49 -> 82189 | AI50: =AI42+'Казань'!AI17+'Зеленодольск'!AI30+'Иннополис'!AJ4+'Тюмень'!AJ100+'Зион'!AI30+'Зион'!AK30+'Раниф тест'!AF3 -> 85640.63
AC51: =AC48+AC50 -> 82400.86
Q54: =W42+U42+S42+Q42+O42+M42 -> 162262 | R54: =Q54/6 -> 27043.667
AH1016: 45706

Sheet Зеленодольск
Q1: оплата в октябре | S1: оплата в сентябре | U1: оплата в августе | W1: оплата в июле | Y1: оплата в июне | AA1: оплата в мае | AC1: оплата в апреле | AE1: оплата в марте | AG1: оплата в феврале | AI1: оплата в январе
A2: Дата начало обслу-ания | C2: Адреса и где находится шкаф в примечании | D2: Кол-во подъездов | E2: Ссылки на роутер | F2: УК | G2: ФИО | H2: Оператор | I2: Договор, логин и пароль в примечании | J2: Что установлено | K2: Дата списания | L2: Тариф | M2: оплата в декабре | O2: оплата в ноябре | Q2: сумма | R2: дата | S2: сумма | T2: дата | U2: сумма | V2: дата | W2: сумма | X2: дата | Y2: сумма | Z2: дата | AA2: сумма | AB2: дата | AC2: сумма | AD2: дата | AE2: сумма | AF2: дата | AG2: сумма | AH2: дата | AI2: сумма | AJ2: дата
A3: 44013 | B3: 1 | C3: К.Маркса д. 30а | D3: 1 | E3: http://178.205.102.182 нет статики | F3: Радужный | G3: Чукурова Надежда Григорьевна кв 1 89874050052 | H3: Таттелеком | I3: 100790035 | J3: Камеры | K3: 25 числа | L3: 730 | M3: 730 | N3: 46009 | O3: 730 | P3: 45980 | Q3: 730 | R3: 45947 | S3: 730 | T3: 45919 | U3: 730 | V3: 730 | W3: 730 | X3: 45861 | Y3: 730 | Z3: 45827 | AA3: 700 | AB3: 45797 | AC3: 700 | AD3: 45763 | AE3: 700 | AF3: 45735 | AG3: 670 | AH3: 45706 | AI3: 670 | AJ3: 45678
A4: 44136 | B4: 2 | C4: К.Маркса д. 36а | D4: 1 | E4: https://marksa36a.keenetic.link | F4: Радужный | G4: Малиневская Светлана Эдуардовна кв 5, 89503264501 | H4: Таттелеком | I4: 106758698 | J4: Камеры | K4: 25 числа | L4: 550 | M4: 550 | N4: 46009 | O4: 550 | P4: 45980 | Q4: 550 | R4: 45947 | S4: 550 | T4: 45919 | U4: 550 | V4: 550 | W4: 550 | X4: 45861 | Y4: 550 | Z4: 45827 | AA4: 550 | AB4: 45797 | AC4: 550 | AD4: 45763 | AE4: 550 | AF4: 45735 | AG4: 550 | AH4: 45706 | AI4: 550 | AJ4: 45678
A5: 44136 | B5: 3 | C5: К.Маркса д. 36б | D5: 1 | E5: https://marksa36b.keenetic.link/ | F5: Радужный | G5: Мухаев Юрий Леонидович 89053100058 кв 9 | H5: Таттелеком | I5: 100896498 | J5: Камеры | K5: 25 числа | L5: 500 | M5: 500 | N5: 46009 | O5: 500 | P5: 45980 | Q5: 500 | R5: 45947 | S5: 500 | T5: 45919 | U5: 500 | V5: 500 | W5: 500 | X5: 45861 | Y5: 500 | Z5: 45827 | AA5: 500 | AB5: 45797 | AC5: 500 | AD5: 45763 | AE5: 500 | AF5: 45735 | AG5: 550 | AH5: 45706 | AI5: 500 | AJ5: 45678
A6: 45200 | B6: 4 | C6: Комарова д. 14а | D6: 4 | F6: ТСЖ №6 | G6: Христафоров Сергей Васильевич, 89600387171 | H6: ТатаисНефть | I6: 1364654 | J6: Спутники | K6: 25 числа | L6: 502 | M6: 502 | N6: 46009 | O6: 502 | P6: 27.22.25 | Q6: 502 | R6: 45947 | S6: 502 | T6: 45919 | U6: 502 | V6: 502 | W6: 502 | X6: 45861 | Y6: 502 | Z6: 45826 | AA6: 502 | AB6: 45797 | AC6: 502 | AD6: 45763 | AE6: 502 | AF6: 45735 | AG6: 502 | AH6: 45706 | AI6: 502 | AJ6: 45678
C7: Ленина д. 21 | D7: 4 | F7: Жилкомплекс | G7: Якупов Марат Мансурович | H7: Yota | I7: 6063194562 | J7: Спутники | K7: 4 числа
C8: Ленина д. 21 | D8: 4 | F8: Жилкомплекс | G8: Егорова Татьяна Алексеевна, кв 14 | H8: Таттелеком | I8: 105 805 637 | J8: Спутники | K8: 19 числа | L8: 550 | M8: 550 | N8: 46009 | O8: 550 | P8: 45980 | Q8: 550 | R8: 45947 | S8: 550 | T8: 45919 | U8: 550 | V8: 550 | W8: 550 | X8: 45859 | Y8: 550 | Z8: 45827 | AA8: 550 | AB8: 45796 | AC8: 500 | AD8: 45763 | AE8: 500 | AF8: 45735 | AG8: 500 | AH8: 45706 | AI8: 500 | AJ8: 45678
A9: 44348 | B9: 5 | C9: Гоголя д. 22 а | D9: 2 | F9: Жилкомплекс | G9: Сектор безопасности | H9: Оникс | I9: 16966-06-2021 | J9: Спутники | K9: 1 числа | L9: без.нал
A10: 44348 | B10: 6 | C10: Карла Маркса д. 35 | D10: 1 | F10: Жилкомплекс | G10: Сектор безопасности | H10: Оникс | I10: 16966-06-2021 | J10: Спутники | K10: 1 числа | L10: без.нал
A11: 44348 | B11: 7 | C11: Ленина д. 1 | D11: 2 | F11: Жилкомплекс | G11: Сектор безопасности | H11: Оникс | I11: 16966-06-2021 | J11: Спутники | K11: 1 числа | L11: без.нал
A12: 44348 | B12: 8 | C12: Ленина д. 2 | D12: 1 | F12: Жилкомплекс | G12: Сектор безопасности | H12: Оникс | I12: 16966-06-2021 | J12: Спутники | K12: 1 числа | L12: без.нал
A13: 44378 | B13: 9 | C13: Паратская д. 13 | D13: 3 | F13: Жилкомплекс | G13: Сектор безопасности | H13: Оникс | I13: 16966-06-2021 | J13: Спутники | K13: 1 числа | L13: без.нал
A14: 44378 | B14: 10 | C14: Паратская д. 15 | D14: 3 | F14: Жилкомплекс | G14: Сектор безопасности | H14: Оникс | I14: 16966-06-2021 | J14: Спутники | K14: 1 числа | L14: без.нал
A15: 44348 | B15: 11 | C15: Тукая д. 22 | D15: 1 | F15: Жилкомплекс | G15: Сектор безопасности | H15: Оникс | I15: 16966-06-2021 | J15: Спутники | K15: 1 числа | L15: без.нал
A16: 45383 | B16: 12 | C16: Карла Маркса д. 57а | D16: 1 | E16: karlamarksa57a.keenetic.link | F16: Жилкомплекс | G16: Сектор безопасности | H16: Оникс | I16: 16966-06-2021 | J16: Спутники | K16: 1 числа | L16: без.нал
A17: 45352 | B17: 13 | C17: Комарова д. 21 | D17: 4 | E17: komarova21.keenetic.link | F17: Жилкомплекс | G17: Сектор безопасности | H17: Оникс | I17: 16966-06-2021 | J17: Спутники | K17: 1 числа | L17: без.нал
A18: 45352 | B18: 14 | C18: Комарова д. 23 | D18: 5 | E18: komarova23.keenetic.name | F18: Жилкомплекс | G18: Сектор безопасности | H18: Оникс | I18: 16966-06-2021 | J18: Спутники | K18: 1 числа | L18: без.нал
A19: 45352 | B19: 15 | C19: Королева д. 10 | D19: 4 | F19: Жилкомплекс | G19: Сектор безопасности | H19: Оникс | I19: 16966-06-2021 | J19: Спутники | K19: 1 числа | L19: без.нал
A20: 45323 | B20: 16 | C20: Комарова д. 41 | D20: 3 | E20: https://inkey.rt.ru/main/domofons | G20: Система и платформа Ростелекома | H20: Ростелеком | J20: Спутники | L20: 0 | M20: 0 | O20: 0 | AA20: 0 | AC20: 0 | AE20: 0 | AG20: 0
A21: 45383 | B21: 17 | C21: Тургенева д. 54 | D21: 5 | E21: tyrgeneva54.keenetic.link | F21: Жилкомплекс | G21: Сектор безопасности | H21: Оникс | I21: 16966-06-2021 | J21: Спутники | K21: 1 числа | L21: без.нал
A22: 45413 | B22: 18 | C22: Комарова д. 27 | D22: 3 | E22: komarova27.keenetic.link | F22: Жилкомплекс | G22: Сектор безопасности | H22: Оникс | I22: 16966-06-2022 | J22: Спутники | K22: 1 числа | L22: без.нал
A23: 45444 | B23: 19 | C23: Комарова д. 37 | D23: 5 | E23: komarova37.keenetic.link | F23: Жилкомплекс | G23: Сектор безопасности | H23: Оникс | I23: 16966-06-2023 | J23: Спутники | K23: 1 числа | L23: без.нал
C24: Большая Заводская д. 75 | D24: 2 | F24: Жилкомплекс | G24: Сектор безопасности | H24: Yota | I24: Сафиуллин Раниф Рифхатович | J24: Спутники | K24: 22 числа | L24: 665 | M24: 665 | N24: 46009 | O24: 665 | P24: 45979 | Q24: 0 | S24: 0 | U24: 665 | V24: 665
C25: Комарова д. 39 | D25: 4 | F25: Жилкомплекс | G25: Сектор безопасности | H25: Оникс | I25: 16966-06-2024 | J25: Спутники | K25: 1 числа | L25: без.нал
C26: Гастелло д. 11 | D26: 2 | F26: Жилкомплекс | G26: Сектор безопасности | H26: Оникс | I26: 16966-06-2024 | J26: Спутники | K26: 1 числа | L26: без.нал
C27: Гастелло д. 7 | D27: 1 | F27: Жилкомплекс | G27: Сектор безопасности | H27: Оникс | I27: 16966-06-2024 | J27: Спутники | K27: 1 числа | L27: без.нал
C28: Гастелло д. 9 | D28: 2 | F28: Жилкомплекс | G28: Сектор безопасности | H28: Оникс | I28: 16966-06-2024 | J28: Спутники | K28: 1 числа | L28: без.нал
C29: Хазиева д. 5 | D29: 4 | F29: Жилкомплекс | G29: Сектор безопасности | H29: Оникс | I29: 16966-06-2024 | J29: Спутники | K29: 1 числа | L29: без.нал
B30: ИТОГО К ОПЛАТЕ | M30: =SUM(M3:M24) -> 3497 | O30: =SUM(O3:O24) -> 3497 | Q30: =SUM(Q3:Q8) -> 2832 | S30: =SUM(S3:S27) -> 2832 | U30: =SUM(U3:U27) -> 3497 | W30: =SUM(W3:W27) -> 2832 | Y30: =SUM(Y3:Y27) -> 2832 | AA30: =SUM(AA3:AA27) -> 2802 | AC30: =SUM(AC3:AC20) -> 2752 | AE30: =SUM(AE3:AE20) -> 2752 | AG30: =SUM(AG3:AG20) -> 2772 | AI30: =SUM(AI3:AI20) -> 2722
L34: Радужный | M34: =SUM(M3:M5) -> 1780 | O34: =SUM(O3:O5) -> 1780 | Q34: =SUM(Q3:Q5) -> 1780 | S34: =SUM(S3:S5) -> 1780 | U34: =SUM(U3:U5) -> 1780 | W34: =SUM(W3:W5) -> 1780 | Y34: =SUM(Y3:Y5) -> 1780 | AA34: =SUM(AA3:AA5) -> 1750 | AC34: =SUM(AC3:AC5) -> 1750 | AE34: =SUM(AE3:AE5) -> 1750 | AG34: =SUM(AG3:AG5) -> 1770 | AI34: =SUM(AI3:AI5) -> 1720 | AK34: =SUM(M34:AI34) -> 21200
L35: ТСЖ №6 | M35: =SUM(M6) -> 502 | O35: =SUM(O6) -> 502 | Q35: =SUM(Q6) -> 502 | S35: =SUM(S6) -> 502 | U35: =U6 -> 502 | W35: =W6 -> 502 | Y35: =Y6 -> 502 | AA35: =SUM(AA6) -> 502 | AC35: =AC6 -> 502 | AE35: =AE6 -> 502 | AG35: =AG6 -> 502 | AI35: =AI6 -> 502 | AK35: =SUM(M35:AI35) -> 6024
L36: Жилкомплекс | M36: =SUM(M8:M24) -> 1215 | O36: =SUM(O8:O24) -> 1215 | Q36: =SUM(Q8:Q24) -> 550 | S36: =SUM(S8) -> 550 | U36: =SUM(U8:U24) -> 1215 | W36: =W8 -> 550 | Y36: =Y8 -> 550 | AA36: =AA8 -> 550 | AC36: =AC8 -> 500 | AE36: =AE8 -> 500 | AG36: =AG8 -> 500 | AI36: =AI8 -> 500 | AK36: =SUM(M36:AI36) -> 8395
M37: =SUM(M34:M36) -> 3497 | O37: =SUM(O34:O36) -> 3497 | U37: =SUM(U34:U36) -> 3497

Sheet Казань
Q1: Оплата в октябре | S1: Оплата в сентябре | U1: Оплата в августе | W1: Оплата в июле | Y1: Оплата в июне | AA1: Оплата в мае | AC1: Оплата в апреле | AE1: Оплата в марте | AG1: Оплата в феврале | AI1: Оплата в январе
A2: Дата начало обслу-ания | C2: Адреса и где находится шкаф в примечании | D2: Кол-во подъездов | E2: Ссылки на роутер | F2: УК | G2: ФИО | H2: Оператор | I2: Договор, логин и пароль в примечании | J2: Что установлено | K2: Дата списания | L2: Тариф | M2: оплата в декабре | O2: оплата в ноябре | Q2: сумма | R2: дата | S2: сумма | T2: дата | U2: сумма | V2: дата | W2: сумма | X2: дата | Y2: сумма | Z2: дата | AA2: сумма | AB2: дата | AC2: сумма | AD2: дата | AE2: сумма | AF2: дата | AG2: сумма | AH2: дата | AI2: сумма | AJ2: дата
B3: 1 | C3: Сабан 1 кв 45 | D3: 3 | E3: http://92.255.198.107:8888 | F3: ЖКХ | G3: Назира апа ст.по дому | H3: Дом.ру | I3: 160007356203 | J3: Камеры | K3: 1 числа | L3: 930 | M3: 1010 | N3: 46010 | O3: 930 | P3: 45979 | Q3: 930 | R3: 45950 | S3: 930 | T3: 45919 | U3: 930 | V3: 930 | W3: 930 | X3: 45861 | Y3: 930 | Z3: 45826 | AA3: 930 | AB3: 45797 | AC3: 930 | AD3: 45763 | AE3: 800 | AF3: 45735 | AG3: 800 | AH3: 45706 | AI3: 800 | AJ3: 45678
C4: Хлебозаводская д 6 | H4: Таттелеком | I4: 102590785 | K4: до 5 числа | L4: 490 | M4: 490 | N4: 46009 | O4: 490 | P4: 45980 | Q4: 490 | R4: 45947 | S4: 490 | T4: 45919 | U4: 490 | V4: 490 | W4: 490 | X4: 45861
C5: Сабан 7а | D5: 2 | F5: ЖКХ | G5: Сафиуллин Раниф Рифхатович, 41 кв | H5: МТС | I5: 79876001969_serv1 - логин, g5i9m099 - пароль | J5: Камеры | L5: 835 | M5: 835 | N5: 46009 | O5: 835 | P5: 45979 | Q5: 700 | R5: 45947 | S5: 700 | T5: 45915 | U5: 700 | V5: 700 | W5: 640 | X5: 45861 | Y5: 640 | Z5: 45827 | AA5: 640 | AB5: 45797 | AC5: 640 | AD5: 45764 | AE5: 640 | AF5: 45735 | AG5: 640 | AH5: 45706 | AI5: 640 | AJ5: 45678
B6: 3 | C6: Кулахметова 25 к.1 57 кв | D6: 4 | E6: http://92.255.201.185:8889 | F6: ЖКХ | G6: Загидуллин Ренат Рафисович | H6: Дом.ру | I6: 160007613579 | J6: Камеры | K6: 1 числа | L6: 1115 | M6: 0 | Q6: 1115 | R6: 45950 | S6: 1115 | T6: 45919 | U6: 1115 | V6: 1115 | W6: 1115 | X6: 45861 | Y6: 1115 | Z6: 45826 | AA6: 1115 | AB6: 45797 | AC6: 1115 | AD6: 45763 | AE6: 955 | AF6: 45735 | AG6: 955 | AH6: 45706 | AI6: 955 | AJ6: 45678
C7: Кулахметова 22 | D7: 1 | F7: ЖКХ | G7: Нуриазов Рустем Рамилевич | H7: МТС | I7: 116 315 745 778 | J7: Камеры | K7: 5 число | L7: 525 | M7: 525 | N7: 46009 | O7: 525 | P7: 45979 | Q7: 525 | R7: 45947 | S7: 525 | T7: 45919 | U7: 525 | V7: 525 | W7: 525 | X7: 45861 | Y7: 525 | Z7: 45827 | AA7: 525 | AB7: 45797 | AC7: 525 | AD7: 45764 | AE7: 525 | AF7: 45735
B8: 4 | C8: Бакалейная 52А | D8: 1 | E8: http://89.251.157.129:8080 | F8: ЖКХ | G8: Загидуллин Ринат Рафисович кв.7 | H8: МТС | I8: 310 090 643 25 | J8: Камеры | K8: 15 числа | L8: 730 | M8: 730 | N8: 46009 | O8: 730 | P8: 45979 | Q8: 730 | R8: 45947 | S8: 730 | T8: 45919 | U8: 730 | V8: 730 | W8: 730 | X8: 45861 | Y8: 730 | Z8: 45826 | AA8: 730 | AB8: 45797 | AC8: 730 | AD8: 45763 | AE8: 730 | AF8: 45735 | AG8: 730 | AH8: 45707 | AI8: 650 | AJ8: 45678
B9: 5 | C9: Декабристов 106а (106б) | D9: 2 | E9: http://84.39.246.20 | F9: ЖКХ | G9: кв. 2, Шамгунов Олег (старший по дому) 89510646538 | H9: Казгорсеть (КГС) | I9: 5110116301 | J9: Камеры | K9: 15 числа | L9: 905 | M9: 905 | O9: 0 | Q9: 905 | S9: 905 | U9: 905 | W9: 905 | Y9: 875 | Z9: 45848 | AA9: 875 | AB9: 45818 | AC9: 875 | AD9: 45763 | AE9: 875 | AF9: 45735 | AG9: =875+875 -> 1750 | AH9: 45726 | AI9: 875 | AJ9: 45667
B10: 6 | C10: Ютазинская 16 | D10: 1 | E10: http://87.117.180.31 | F10: ЖКХ | G10: Фатыхов Рустам Рустемович | H10: Ростелеком | I10: 316 020 075 006 | J10: Камеры | K10: ежедневно равными долями | L10: 279 | M10: 826 | N10: 46009 | O10: 279 | P10: 45979 | Q10: 279 | R10: 45947 | S10: 279 | T10: 45919 | U10: 279 | V10: 279 | W10: 279 | X10: 45861 | Y10: 279 | Z10: 45826 | AA10: 279 | AB10: 45797 | AC10: 0 | AE10: 279 | AF10: 45735 | AG10: 276 | AH10: 45707 | AI10: 276 | AJ10: 45678
B11: 7 | C11: Кулахметова 17 к 3 под 3 | D11: 1 | E11: https://kulax17k3p3.keenetic.name/controlPanel/devicesList | F11: ЖКХ | G11: Якупов Марат | H11: Yota | I11: 6063194562 | J11: Камеры | K11: 23 числа | L11: 665 | M11: 665 | N11: 46009 | O11: 665 | P11: 45979 | Q11: 665 | R11: 45947 | S11: =665+665 -> 1330 | T11: 45919 | U11: 665 | V11: 45889 | W11: 665 | X11: 45856 | Y11: 665 | Z11: 45826 | AA11: 550 | AB11: 45797 | AC11: 550 | AD11: 45763 | AE11: 550 | AF11: 45735 | AG11: 550 | AH11: 45707 | AI11: 550 | AJ11: 45678
B12: 8 | C12: Серова 4,кв. 38 | D12: 4 | E12: https://dekab106.keenetic.link/controlPanel/devicesList | F12: ЖКХ | G12: Сафиуллин Раниф Рифхатович | H12: МТС | I12: 31009554936 | J12: Камеры | L12: 750 | M12: 750 | N12: 46009 | O12: 750 | P12: 45979 | Q12: 750 | R12: 45947 | S12: 750 | T12: 45919 | U12: 750 | V12: 750 | W12: 750 | X12: 45861 | Y12: 750 | Z12: 45827 | AA12: 750 | AB12: 45797 | AC12: 750 | AD12: 45764 | AE12: 740 | AF12: 45735 | AG12: 740 | AH12: 45706 | AI12: 740 | AJ12: 45678
B13: 9 | C13: Декабристов 178А | D13: 6 | E13: http://89.251.144.64:8080/controlPanel/devicesList | F13: ЖКХ | G13: Сафиуллин Раниф Рифхатович | H13: МТС | I13: 917 276 5969 | J13: Спутник, Камеры | K13: 18 числа | L13: 910 | M13: 910 | O13: 910 | Q13: 910 | R13: 45947 | S13: 910 | U13: 910 | W13: 840 | Y13: 840 | Z13: 45855 | AA13: 1680 | AB13: 45825 | AC13: 840 | AD13: 45764 | AE13: 840 | AF13: 45918 | AG13: 840 | AH13: 45706 | AI13: 840 | AJ13: 45673
C14: Декабристов 127 | D14: 4 | F14: ЖКХ | G14: Фомичев Владимир Акимович 130 кв 89046678189 | H14: Тателеком | I14: 96185 | J14: Камеры | L14: 518 | M14: 518 | N14: 46009 | O14: 518
B15: 11 | C15: Горьковское Шоссе 17 | D15: 3 | F15: Радужный | G15: Коновалова Ольга Владимировна, кв 37, 89274174715 | H15: Тателеком | I15: 103460112 | J15: Спутник | K15: 25 числа | L15: 530 | M15: 530 | N15: 46009 | O15: 530 | P15: 45980 | Q15: 500 | R15: 45947 | S15: 500 | T15: 45919 | U15: 500 | V15: 500 | W15: 500 | X15: 45861 | Y15: 500 | Z15: 45827 | AA15: 500 | AB15: 45797 | AC15: 500 | AD15: 45763 | AE15: 550 | AF15: 45735 | AG15: 500 | AH15: 46009 | AI15: 500 | AJ15: 45678
B16: 10 | C16: Зур Урам 1 к 4 | D16: 18 | F16: Радужный | G16: Интернет оплачивает УК | J16: Спутник | M16: 0 | O16: 0 | Q16: 0 | S16: 0 | U16: 0 | V16: 0 | W16: 0 | Y16: 0 | AA16: 0 | AC16: 0 | AE16: 0 | AG16: 0
B17: ИТОГО К ОПЛАТЕ | M17: =SUM(M3:M15) -> 8694 | O17: =SUM(O3:O15) -> 7162 | Q17: =SUM(Q3:Q15) -> 8499 | S17: =SUM(S3:S15) -> 9164 | U17: =SUM(U3:U15) -> 8499 | W17: =SUM(W3:W15) -> 8369 | Y17: =SUM(Y3:Y15) -> 7849 | AA17: =SUM(AA3:AA15) -> 8574 | AC17: =SUM(AC3:AC15) -> 7455 | AE17: =SUM(AE3:AE15) -> 7484 | AG17: =SUM(AG3:AG15) -> 7781 | AI17: =SUM(AI3:AI15) -> 6826
L20: ЖКХ | M20: =SUM(M3:M14) -> 8164 | O20: =SUM(O3:O14) -> 6632 | Q20: =SUM(Q3:Q14) -> 7999 | S20: =SUM(S3:S14) -> 8664 | U20: =SUM(U3:U14) -> 7999 | W20: =SUM(W3:W14) -> 7869 | Y20: =SUM(Y3:Y14) -> 7349 | AA20: =SUM(AA3:AA14) -> 8074 | AC20: =SUM(AC3:AC14) -> 6955 | AE20: =SUM(AE3:AE14) -> 6934 | AG20: =SUM(AG3:AG14) -> 7281 | AI20: =SUM(AI3:AI14) -> 6326 | AK20: =SUM(M20:AJ20) -> 90246
L21: Радужный | M21: =SUM(M15:M16) -> 530 | O21: =O15 -> 530 | Q21: =Q15 -> 500 | S21: =S15 -> 500 | U21: =U15 -> 500 | W21: =SUM(W15) -> 500 | Y21: =SUM(Y15) -> 500 | AA21: =SUM(AA15) -> 500 | AC21: =AC15 -> 500 | AE21: =SUM(AE15) -> 550 | AG21: =AG15 -> 500 | AI21: =AI15 -> 500 | AK21: =SUM(M21:AJ21) -> 6110

Sheet Иннополис
B1: Дата начало обслу-ания | D1: Адреса и где находится шкаф в примечании | E1: Кол-во подъездов | F1: Ссылки на роутер | G1: УК | H1: ФИО | I1: Оператор | J1: Договор, логин и пароль в примечании | K1: Что установлено | L1: Дата списания | M1: Тариф | N1: оплата в декабре | P1: оплата в ноябре | R1: оплата в октябре | T1: оплата в сентяборе | V1: оплата в августе | X1: оплата в июле | Z1: оплата в июне | AB1: оплата в маи | AD1: оплата в апреле | AF1: оплата в марте | AH1: оплата за феврале | AJ1: оплата за январь
A2: 1 | B2: 44835 | C2: 1 | D2: Спортивная 114 Домофон Спутник | E2: 3 | G2: иннофонд | H2: Якупов Марат Мансурович | I2: Yota | J2: 6063194562 | K2: Спутник | L2: 21 числа | M2: 665 | N2: 0 | P2: 0 | R2: 665 | S2: 45947 | T2: 665 | U2: 45919 | V2: 665 | W2: 45889 | X2: 665 | Y2: 45861 | Z2: 665 | AA2: 45826 | AB2: 665 | AC2: 45797 | AD2: 550 | AE2: 45763 | AF2: 550 | AG2: 45735 | AH2: 550 | AI2: 45706 | AJ2: 550 | AK2: 45673
A3: 1 | B3: 45017 | C3: 2 | D3: Спортивная 106 Домофон Спутник | E3: 1 | G3: иннофонд | H3: Якупов Марат Мансурович | I3: Yota | J3: 6063194562 | K3: Спутник | L3: 20 числа | M3: 665 | N3: 665 | O3: 46009 | P3: 665 | Q3: 45979 | R3: 665 | S3: 45947 | T3: 665 | U3: 45919 | V3: 665 | W3: 45889 | X3: 665 | Y3: 45861 | Z3: 1330 | AA3: 45826 | AB3: 665 | AC3: 45797 | AD3: 550 | AE3: 45763 | AF3: 1100 | AG3: 45735 | AH3: 550 | AI3: 45706 | AJ3: 550 | AK3: 45673
C4: ИТОГО К ОПЛАТЕ | M4: =SUM(M2:M3) -> 1330 | N4: =SUM(N2:N3) -> 665 | P4: =SUM(P2:P3) -> 665 | R4: =SUM(R2:R3) -> 1330 | T4: =SUM(T2:T3) -> 1330 | V4: =SUM(V2:V3) -> 1330 | X4: =SUM(X2:X3) -> 1330 | Z4: =SUM(Z2:Z3) -> 1995 | AB4: =SUM(AB2:AB3) -> 1330 | AD4: =SUM(AD2:AD3) -> 1100 | AF4: =SUM(AF2:AF3) -> 1650 | AH4: =SUM(AH2:AH3) -> 1100 | AJ4: =SUM(AJ2:AJ3) -> 1100 | AL4: =SUM(N4:AJ4) -> 14925

Sheet Тюмень
A1: Дата начало обслу-ания | B1: Нумерация | C1: Адреса и где находится шкаф в примечании | E1: Кол-во подъездов | F1: Ссылки на роутер | G1: УК | H1: ФИО | I1: Оператор | J1: Договор, логин и пароль в примечании | K1: Что установлено | L1: Дата списания | M1: Тариф | N1: оплата в декабре | P1: оплата в ноябре | R1: оплата в октябре | T1: оплата в сентябре | V1: оплата в августе | X1: оплата в июле | Z1: оплата в июне | AB1: оплата в мае | AD1: оплата в АПРЕЛЬ | AF1: оплата в марте | AH1: оплата в феврале | AJ1: оплата в январе
A2: 43742 | B2: 65 | C2: Республики д. 181 | E2: 1 | F2: http://188.186.176.220/ | G2: жсу | H2: Безопасный город | I2: Дом.ру | J2: ФК 5610 | K2: Спутник | L2: 10 числа | M2: без.нал | AB2: 0 | AE2: 45392
A3: 43913 | B3: 67 | C3: Рижская д. 80 | E3: 4 | F3: http://92.255.171.20:8888 | G3: жсу | H3: Безопасный город | I3: Дом.ру | J3: ФК 5610 | K3: Спутник | L3: 10 числа | M3: без.нал | AB3: 0 | AE3: 45392
A4: 43255 | B4: 63 | C4: 50 Лет Октября д. 60 | D4: 2 | E4: 4 | G4: жсу | H4: Колова Юлия | I4: МТС | J4: 8 982 937 9006 | K4: Спутник | M4: 600 | N4: 600 | O4: 46009 | P4: 600 | Q4: 45979 | R4: 600 | S4: 45950 | T4: 600 | U4: 45919 | V4: 600 | W4: 600 | X4: 600 | Y4: 45861
A5: 43266 | B5: 64 | C5: 50 лет Октября д. 68 | D5: 3 | E5: 2 | G5: жсу | H5: Колова Юлия | I5: МТС | J5: 8 982 947 6256 | K5: Спутник | M5: 600 | N5: 600 | O5: 46009 | P5: 600 | Q5: 45979 | R5: 600 | S5: 45950 | T5: 600 | U5: 45919 | V5: 600 | W5: 600 | X5: 600 | Y5: 45861
A6: 45611 | C6: Республики д. 183 | D6: 19 | E6: 1 | F6: http://109.194.162.243 | G6: жсу | H6: Колова Юлия | I6: Дом.ру | J6: 720017283753 | K6: Спутник, камеры | M6: =800+200 -> 1000 | N6: 1140 | O6: 46010 | P6: 1000.01 | Q6: 45980 | R6: 1000 | S6: 45950 | T6: 1000 | U6: 45919 | V6: 1000 | W6: 1000 | X6: 1000 | Y6: 45861 | Z6: 1000 | AA6: 45826 | AB6: 1000 | AC6: 45797 | AD6: 1000 | AE6: 45763 | AF6: 1000 | AG6: 45735 | AH6: 800 | AI6: 45706 | AJ6: 800 | AK6: 45678
C7: Севастопольская , 25 кв 46 | D7: 20 | G7: жсу | H7: Колова Юлия | I7: Дом.ру | J7: 720018904822 | K7: Спутник | M7: 950 | N7: 950 | O7: 46010 | P7: 950 | Q7: 45980
A8: 43264 | B8: 57 | C8: Севастопольская , 33 , 33 | D8: 21 | E8: 3 | F8: статики нет | G8: жсу | H8: Сафиуллин Раниф | I8: Ростелеком | J8: 572011585088 | K8: Спутник | L8: 21 числа | M8: 689 | N8: 689 | O8: 46009 | P8: 689 | Q8: 45979 | R8: 689 | S8: 45947 | T8: 689 | U8: 45919 | V8: 689 | W8: 689 | X8: 689 | Y8: 45856 | Z8: 689 | AA8: 45826 | AB8: 689 | AC8: 45797 | AD8: 689 | AE8: 45793 | AF8: 689 | AG8: 45735 | AH8: 689 | AI8: 45706 | AJ8: 649 | AK8: 45677
A9: 44542 | B9: 60 | C9: Текстильная д.1 | D9: 22 | F9: Симка йота Алкател | G9: жсу | H9: Якупов Марат | I9: Yota | J9: 6063194562 | K9: Спутник | L9: 22 числа | M9: 665 | N9: 1330 | O9: 46009 | P9: 665 | Q9: 45979 | R9: 665 | S9: 45947 | T9: 665 | U9: 45919 | V9: 0 | W9: 0 | X9: 665 | Y9: 45856 | Z9: 665 | AA9: 45826 | AB9: 550 | AC9: 45797 | AD9: 550 | AE9: 45763 | AF9: 550 | AG9: 45735 | AH9: 550 | AI9: 45707 | AJ9: 550 | AK9: 45682
A10: 44519 | B10: 62 | C10: Текстильная д.5 | D10: 23 | F10: Симка йота Алкател | G10: жсу | H10: Якупов Марат | I10: Yota | J10: 6063194562 | K10: Спутник | L10: 21 числа | M10: 725 | R10: 725 | S10: 45947 | T10: 725 | U10: 45919 | V10: 725 | W10: 45889 | X10: 725 | Y10: 45861 | Z10: 725 | AA10: 45826 | AB10: 725 | AC10: 45797 | AD10: 600 | AE10: 45763 | AF10: 600 | AG10: 45735 | AH10: 600 | AJ10: 600 | AK10: 45673
A11: 44519 | C11: Текстильная д.5, 23 кв | D11: 24 | E11: 4 | G11: жсу | H11: Лобанова Анна | I11: Дом.ру | J11: 720018899016 | K11: Спутник | M11: 950 | N11: 951 | O11: 46010 | P11: 950 | Q11: 45980
A12: 45354 | B12: 59 | C12: Одесская д. 51, кв 36, 89044968823 | D12: 26 | F12: Стоит рег, без статики | G12: жсу | H12: Акмалов Игорь Русланович | I12: Билайн | J12: 0 858 024 535 | K12: Спутник | L12: 20 числа | M12: 955 | N12: 955 | P12: 955 | Q12: 45979 | R12: 955 | S12: 45950 | T12: 955 | U12: 45920 | V12: 955 | W12: 45889 | X12: 955 | Y12: 45858 | Z12: 955 | AA12: 45828 | AB12: 955 | AC12: 45797 | AD12: 955 | AE12: 45763 | AF12: 840 | AG12: 45736 | AH12: 840 | AI12: 45708 | AJ12: 840 | AK12: 45678
A13: 45181 | B13: 55 | C13: Пермякова д. 16 кв 23 | D13: 27 | G13: жсу | H13: Сафиуллин Раниф | I13: Ростелеком | J13: 572011580518 | K13: Спутник | L13: 21 числа | M13: 695 | N13: 695 | O13: 46009 | P13: 695 | Q13: 45979 | R13: 695 | S13: 45947 | T13: 695 | U13: 45919 | V13: 695 | W13: 695 | X13: 695 | Y13: 45856 | Z13: 695 | AA13: 45826 | AB13: 695 | AC13: 45797 | AD13: 695 | AE13: 45793 | AF13: 695 | AG13: 45735 | AH13: 695 | AI13: 45706 | AJ13: 655 | AK13: 45677
A14: 43817 | C14: Пермякова д. 24 | D14: 28 | E14: 5 | F14: http://109.68.171.185:81 | G14: жсу | H14: Сафиуллин Раниф | I14: Ростелеком | J14: 572 011 701 159 | K14: Спутник | M14: 774 | N14: 774 | O14: 46009 | P14: 774 | Q14: 45979 | R14: 774 | S14: 45947 | T14: 774 | U14: 45919 | V14: 774 | W14: 774 | X14: 504 | Y14: 45856 | Z14: 474 | AA14: 45826 | AB14: 474 | AC14: 45797 | AD14: 16.93 | AE14: 45793 | AH14: 624 | AI14: 45715
A15: 43262 | B15: 58 | C15: Севастопольская, 25 | E15: 4 | F15: http://188.186.176.222:80 | G15: жсу | H15: Безопасный город | I15: Дом.ру | J15: ФК 5610 | K15: Спутник | L15: 10 числа | M15: без.нал | AB15: 0 | AE15: 45392
A16: 45444 | B16: 71 | C16: 30 Лет Победы д. 73 | D16: 1 | G16: ЖЭУ 9 | H16: Лобанова Анна | I16: Дом.ру | J16: 720016524626 | K16: Спутник | L16: 1 числа | M16: 700 | N16: 700 | O16: 46010 | P16: 700 | Q16: 45980 | R16: 700 | S16: 45950 | T16: 700 | U16: 45919 | V16: 700 | W16: 700 | X16: 700 | Y16: 45861 | Z16: 700 | AA16: 45826 | AB16: 700 | AC16: 45797 | AD16: 700 | AE16: 45763 | AF16: 850 | AG16: 45735 | AH16: 700 | AI16: 45706 | AJ16: 700 | AK16: 45678
C17: Ткацкий 18 | D17: 51 | E17: 8 | G17: Жэу 9 | H17: Колова Юлия | I17: Ростелеком | J17: 572 011 720 288 | K17: Спутники | M17: 669 | N17: 669 | O17: 46010 | P17: 399 | Q17: 45979 | R17: 399 | S17: 45950 | T17: 322 | U17: 45919 | V17: 0 | W17: 0 | X17: 0
A18: 43840 | B18: 40 | C18: Ростовцева д. 23 | E18: 1 | F18: Кинетик поставить | G18: Суходолье | H18: Безопасный город | I18: Позитив | J18: 00-0655 | K18: Спутник | L18: 1 числа | M18: без.нал | AB18: 0 | AE18: 45407
A19: 44004 | B19: 42 | C19: Ростовцева д. 25 | E19: 1 | F19: rostovtseva25.keenetic.link | G19: Суходолье | H19: Безопасный город | I19: Позитив | J19: 00-0655 | K19: Спутник | L19: 1 числа | M19: без.нал | AB19: 0 | AE19: 45407
A20: 44000 | B20: 41 | C20: Ростовцева д. 25 К 1 | E20: 1 | F20: rostovtseva25k1.keenetic.link | G20: Суходолье | H20: Безопасный город | I20: Позитив | J20: 00-0655 | K20: Спутник | L20: 1 числа | M20: без.нал | AB20: 0 | AE20: 45407
A21: 44230 | B21: 44 | C21: Ростовцева д. 27 К 1 | E21: 1 | F21: Кинетик поставить | G21: Суходолье | H21: Безопасный город | I21: Позитив | J21: 00-0655 | K21: Спутник | L21: 1 числа | M21: без.нал | AB21: 0 | AE21: 45407
A22: 44335 | B22: 43 | C22: Ростовцева д. 27 К 2 | E22: 1 | F22: Кинетик поставить | G22: Суходолье | H22: Безопасный город | I22: Позитив | J22: 00-0655 | K22: Спутник | L22: 1 числа | M22: без.нал | AB22: 0 | AE22: 45407
A23: 43816 | B23: 32 | C23: Б. Житкова д. 10 | E23: 1 | F23: Кинетик постаивить | G23: Суходолье | H23: Безопасный город | I23: Позитив | J23: 00-0655 | K23: Спутник | L23: 1 числа | M23: без.нал | AB23: 0 | AE23: 45407
A24: 43908 | B24: 22 | C24: Б. Житкова д. 2 | E24: 1 | F24: Кинетик постаивить | G24: Суходолье | H24: Безопасный город | I24: Позитив | J24: 00-0655 | K24: Спутник | L24: 1 числа | M24: без.нал | AB24: 0 | AE24: 45407
B25: 23 | C25: Б. Житкова д. 4 | E25: 1 | F25: zhitkova4.keenetic.link | G25: Суходолье | H25: Безопасный город | I25: Позитив | J25: 00-0655 | K25: Спутник | L25: 1 числа | M25: без.нал | AB25: 0 | AE25: 45407
A26: 43301 | B26: 24 | C26: Б. Житкова д. 5 | E26: 1 | F26: zhitkova5.keenetic.link | G26: Суходолье | H26: Безопасный город | I26: Позитив | J26: 00-0655 | K26: Спутник | L26: 1 числа | M26: без.нал | AB26: 0 | AE26: 45407
A27: 43297 | B27: 25 | C27: Б. Житкова д. 5 К 1 | E27: 1 | F27: zhitkova5k1.keenetic.link | G27: Суходолье | H27: Безопасный город | I27: Позитив | J27: 00-0655 | K27: Спутник | L27: 1 числа | M27: без.нал | AB27: 0 | AE27: 45407
A28: 45209 | B28: 27 | C28: Б. Житкова д. 6 | E28: 1 | F28: zhitkova6.keenetic.link | G28: Суходолье | H28: Безопасный город | I28: Позитив | J28: 00-0655 | K28: Спутник | L28: 1 числа | M28: без.нал | AB28: 0 | AE28: 45407
A29: 45111 | B29: 26 | C29: Б. Житкова д. 6 К 1 | E29: 1 | F29: zhitkova6k1.keenetic.link | G29: Суходолье | H29: Безопасный город | I29: Позитив | J29: 00-0655 | K29: Спутник | L29: 1 числа | M29: без.нал | AB29: 0 | AE29: 45407
A30: 43304 | B30: 28 | C30: Б. Житкова д. 7 | E30: 1 | F30: zhitkova7.keenetic.link | G30: Суходолье | H30: Безопасный город | I30: Позитив | J30: 00-0655 | K30: Спутник | L30: 1 числа | M30: без.нал | AB30: 0 | AE30: 45407
A31: 43294 | B31: 29 | C31: Б. Житкова д. 7 К 1 | E31: 1 | F31: zhitkova7k1.keenetic.link | G31: Суходолье | H31: Безопасный город | I31: Позитив | J31: 00-0655 | K31: Спутник | L31: 1 числа | M31: без.нал | AB31: 0 | AE31: 45407
A32: 44915 | B32: 30 | C32: Б. Житкова д. 8 | E32: 1 | F32: zhitkova8.keenetic.link | G32: Суходолье | H32: Безопасный город | I32: Позитив | J32: 00-0655 | K32: Спутник | L32: 1 числа | M32: без.нал | AB32: 0 | AE32: 45407
A33: 44230 | B33: 31 | C33: Б. Житкова д. 8 К 1 | E33: 1 | F33: Кинетик постаивить | G33: Суходолье | H33: Безопасный город | I33: Позитив | J33: 00-0655 | K33: Спутник | L33: 1 числа | M33: без.нал | AB33: 0 | AE33: 45407
A34: 43727 | B34: 33 | C34: Монтажников д. 43 | E34: 1 | F34: montazhnikov43.keenetic.link | G34: Суходолье | H34: Безопасный город | I34: Позитив | J34: 00-0655 | K34: Спутник | L34: 1 числа | M34: без.нал | AB34: 0 | AE34: 45407
A35: 43769 | B35: 34 | C35: Монтажников д. 45 | E35: 1 | F35: montazhnikov45.keenetic.link | G35: Суходолье | H35: Безопасный город | I35: Позитив | J35: 00-0655 | K35: Спутник | L35: 1 числа | M35: без.нал | AB35: 0 | AE35: 45407
A36: 43768 | B36: 35 | C36: Монтажников д. 47 | E36: 1 | F36: montazhnikov47.keenetic.link | G36: Суходолье | H36: Безопасный город | I36: Позитив | J36: 00-0655 | K36: Спутник | L36: 1 числа | M36: без.нал | AB36: 0 | AE36: 45407
A37: 43969 | B37: 36 | C37: Монтажников д. 49 | E37: 1 | F37: montazhnikov49.keenetic.link | G37: Суходолье | H37: Безопасный город | I37: Позитив | J37: 00-0655 | K37: Спутник | L37: 1 числа | M37: без.нал | AB37: 0 | AE37: 45407
... A40: 43711 | B40: 39 | C40: Монтажников д. 55 | E40: 1 | F40: Кинетик поставить | G40: Суходолье | H40: Безопасный город | I40: Позитив | J40: 00-0655 | K40: Спутник | L40: 1 числа | M40: без.нал | AB40: 0 | AE40: 45407
A41: 45383 | B41: 51 | C41: Беляева д. 17 а | D41: 6 | E41: 3 | F41: Статика есть узнать в роутере | G41: На Пражской | H41: Сафиуллин Раниф | I41: Ростелеком | J41: 572011607853 | K41: Спутник | L41: 21 числа | M41: 774 | N41: 774 | O41: 46009 | P41: 774 | Q41: 45979 | R41: 774 | S41: 45947 | T41: 774 | U41: 45919 | V41: 774 | W41: 774 | X41: 774 | Y41: 45856 | Z41: 774 | AA41: 45826 | AB41: 774 | AC41: 45797 | AD41: 774 | AE41: 45793 | AF41: 774 | AG41: 45735 | AH41: 774 | AI41: 45706 | AJ41: 774 | AK41: 45677
A42: 45383 | B42: 50 | C42: Беляева д. 33 | D42: 7 | E42: 2 | F42: http://90.151.249.227:81/ | G42: На Пражской | H42: Сафиуллин Раниф | I42: Ростелеком | J42: 572011606169 | K42: Спутник | L42: 21 числа | M42: 705 | N42: 705 | O42: 46009 | P42: 705 | Q42: 45979 | R42: 705 | S42: 45947 | T42: 705 | U42: 45919 | V42: 705 | W42: 705 | X42: 705 | Y42: 45856 | Z42: 705 | AA42: 45826 | AB42: 705 | AC42: 45797 | AD42: 705 | AE42: 45793 | AF42: 705 | AG42: 45735 | AH42: 705 | AI42: 45706 | AJ42: 705 | AK42: 45677
A43: 45413 | B43: 52 | C43: Игримская д. 37 | D43: 8 | E43: 7 | F43: статики нет | G43: На Пражской | H43: Сафиуллин Раниф | I43: Ростелеком | J43: 572011613818 | K43: Спутник | L43: 21 числа | M43: 774 | N43: 774 | O43: 46009 | P43: 774 | Q43: 45979 | R43: 774 | S43: 45947 | T43: 774 | U43: 45919 | V43: 774 | W43: 774 | X43: 774 | Y43: 45856 | Z43: 774 | AA43: 45826 | AB43: 819 | AC43: 45797 | AD43: 819 | AE43: 45793 | AF43: 819 | AG43: 45735 | AH43: 819 | AI43: 45706 | AJ43: 819 | AK43: 45677
A44: 45352 | B44: 49 | C44: М.Захарова д. 11к3 | D44: 9 | E44: 1 | F44: Статика есть узнать в роутере | G44: На Пражской | H44: Сафиуллин Раниф | I44: Ростелеком | J44: 572011605219 | K44: Спутник | L44: 21 числа | M44: 705 | N44: 705 | O44: 46010 | P44: 705 | Q44: 45979 | R44: 705 | S44: 45947 | T44: 705 | U44: 45919 | V44: 705 | W44: 705 | X44: 705 | Y44: 45856 | Z44: 705 | AA44: 45826 | AB44: 705 | AC44: 45797 | AD44: 705 | AE44: 45793 | AF44: 705 | AG44: 45735 | AH44: 705 | AI44: 45706 | AJ44: 705 | AK44: 45677
A45: 44713 | B45: 46 | C45: Судоремонтная д. 24 | D45: 10 | E45: 3 | F45: sudoremontnaya24.keenetic.link | G45: На Пражской | H45: Сафиуллин Раниф | I45: Дом.ру | J45: 720012147050 | K45: Спутник | L45: 1 числа | M45: 920 | N45: 1080 | O45: 46010 | P45: 920 | Q45: 45980 | R45: 920 | S45: 45949 | T45: 920 | U45: 45919 | V45: 920 | W45: 920 | X45: 920 | Y45: 45861 | Z45: 920 | AA45: 45826 | AB45: 920 | AC45: 45797 | AD45: 920 | AE45: 45763 | AF45: 765 | AG45: 45735 | AH45: 765 | AI45: 45706 | AJ45: 765 | AK45: 45678
A46: 44712 | B46: 47 | C46: Судоремонтная д. 28 | D46: 11 | E46: 3 | F46: sudoremontnaya28.keenetic.link | G46: На Пражской | H46: Сафиуллин Раниф | I46: Дом.ру | J46: 720012146835 | K46: Спутник | L46: 1 числа | M46: 920 | N46: 1080 | O46: 46010 | P46: 920 | Q46: 45980 | R46: 920 | S46: 45949 | T46: 920 | U46: 45919 | V46: 920 | W46: 920 | X46: 920 | Y46: 45861 | Z46: 920 | AA46: 45826 | AB46: 920 | AC46: 45797 | AD46: 920 | AE46: 45763 | AF46: 765 | AG46: 45735 | AH46: 765 | AI46: 45706 | AJ46: 765 | AK46: 46043
A47: 44712 | B47: 48 | C47: Судоремонтная д. 28k1 | D47: 12 | E47: 1 | F47: sudoremontnaya28.keenetic.link | G47: На Пражской | H47: Сафиуллин Раниф | I47: Дом.ру | J47: 720012146835 | K47: Спутник | L47: 1 числа | M47: 0 | N47: 0 | O47: 46010 | P47: 0 | R47: 0 | T47: 0 | V47: 0 | W47: 0 | X47: 0 | Z47: 0 | AB47: 0 | AD47: 0 | AH47: 0 | AJ47: 0
A48: 45139 | B48: 45 | C48: Гольцова д.10 | D48: 13 | E48: 14 | F48: 85.15.179.198 | G48: Аурика | H48: Сафиуллин Раниф | I48: Ростелеком | J48: 572011559564 | K48: Спутник | L48: 21 числа | M48: 1273 | N48: 1471 | O48: 46009 | P48: 1273 | Q48: 45979 | R48: 1273 | S48: 45947 | T48: 1132 | U48: 45919 | V48: 1074 | W48: 1074 | X48: 938 | Y48: 45856 | Z48: 1566 | AA48: 45826 | AB48: 1493 | AC48: 45797 | AD48: 1393 | AE48: 45793 | AF48: 1393 | AG48: 45735 | AH48: 1393 | AI48: 45706 | AJ48: 1393 | AK48: 45677
A49: 44285 | C49: Белинского д. 14 | D49: 4 | E49: 4 | F49: http://90.151.249.227:81/ | G49: запад | H49: Колова Юлия | I49: Ростелеком | J49: 572 011 701 911 | K49: Спутник | L49: 21 числа | M49: 774 | N49: 774 | O49: 46009 | P49: 774 | Q49: 45979 | R49: 774 | S49: 45947 | T49: 774 | U49: 45919 | V49: 745 | W49: 745 | X49: 474 | Y49: 45856 | Z49: 474 | AA49: 45826 | AB49: 398 | AC49: 45797 | AD49: 0 | AF49: 624 | AG49: 45721
A50: 45721 | C50: Белинского д. 28 | D50: 5 | F50: 178.46.156.216:81 | G50: запад | H50: Сафиуллин Раниф | I50: Ростелеком | J50: 572011701875 | K50: Спутник | L50: 21 числа | M50: 774 | N50: 774 | O50: 46009 | P50: 774 | Q50: 45979 | R50: 774 | S50: 45947 | T50: 774 | U50: 45919 | V50: 745 | W50: 745 | X50: 474 | Y50: 45856 | Z50: 474 | AA50: 45826 | AB50: 400 | AC50: 45797 | AD50: 0 | AF50: 624 | AG50: 45721
A51: 43880 | B51: 3 | C51: Белинского д. 28 А | E51: 1 | F51: belinskogo28a.keenetic.link | G51: запад | H51: Безопасный город | I51: Дом.ру | J51: ФК 5610 | K51: Спутник | L51: 10 числа | M51: без.нал | AB51: 0 | AE51: 45392
A52: 45621 | C52: Белинского д. 6 | D52: 14 | E52: 4 | G52: запад | H52: Лобанова Анна | I52: Дом.ру | J52: 720017313263 | K52: камеры | L52: 24 числа | M52: 1000 | N52: 1000 | O52: 46010 | P52: 1000 | Q52: 45980 | R52: 1000 | S52: 45950 | T52: 1000 | U52: 45919 | V52: 1000 | W52: 1000 | X52: 1000 | Y52: 45861 | Z52: 1001 | AA52: 45826 | AB52: 1000 | AC52: 45797 | AD52: 1200 | AE52: 45763 | AF52: 1000 | AG52: 45735 | AH52: 1000 | AI52: 45706 | AJ52: 1000 | AK52: 45678
A53: 45413 | B53: 21 | C53: Грибоедова д. 6 | D53: 15 | E53: 2 | G53: запад | H53: Колова Юлия | I53: Дом.ру | J53: 720016424647 | K53: камеры | L53: 4 числа | M53: 900 | N53: 1020 | O53: 46010 | P53: 900 | Q53: 45980 | R53: 900 | S53: 45950 | T53: 900 | U53: 45919 | V53: 900 | W53: 900 | X53: 900 | Y53: 45861 | Z53: 900 | AA53: 45826 | AB53: 900 | AC53: 45797 | AD53: 900 | AE53: 45763 | AF53: 900 | AG53: 45735 | AH53: 900.01 | AI53: 45706 | AJ53: 900 | AK53: 45678
A54: 44541 | B54: 7 | C54: Достоевского д.9 | D54: 16 | E54: 6 | F54: http://85.15.140.140 | G54: запад | H54: Сафиуллин Раниф Рифхатович | I54: Ростелеком | J54: 572011459256 | K54: Спутник | L54: 21 числа | M54: 585 | N54: 585 | O54: 46009 | P54: 585 | Q54: 45979 | R54: 585 | S54: 45947 | T54: 585 | U54: 45919 | V54: 585 | W54: 585 | X54: 442 | Y54: 45856 | Z54: 585 | AA54: 45826 | AB54: 585 | AC54: 45797 | AD54: 585 | AE54: 45793 | AF54: 585 | AG54: 45735 | AH54: 585 | AI54: 45706 | AJ54: 555 | AK54: 45677
A55: 44763 | B55: 16 | C55: Клары Цеткин д. 21 | D55: 17 | E55: 4 | F55: http://92.255.174.184/ | G55: запад | H55: Колова Юлия | I55: Дом.ру | J55: 720012393086 | K55: Спутник, камеры | L55: 1 число | M55: 1120 | N55: 1280 | O55: 46010 | P55: 1120 | Q55: 45980 | R55: 1120 | S55: 45950 | T55: 1120 | U55: 45919 | V55: 1120 | W55: 1120 | X55: 1120 | Y55: 45861 | Z55: 1120 | AA55: 45826 | AB55: 1120 | AC55: 45797 | AD55: 1120 | AE55: 45763 | AF55: 965 | AG55: 45735 | AH55: 965 | AI55: 45706 | AJ55: 965 | AK55: 45678
A56: 44414 | B56: 4 | C56: Локомотивная 116.5 | D56: 18 | E56: 6 | F56: http://178.46.154.177:7878/ | G56: запад | H56: Сафиуллин Раниф | I56: Ростелеком | J56: 572011440983 | K56: Спутник, камеры | L56: 21 числа | M56: 655 | N56: 655 | O56: 46009 | P56: 655 | Q56: 45979 | R56: 655 | S56: 45947 | T56: 655 | U56: 45919 | V56: 655 | W56: 655 | X56: 494 | Y56: 45856 | Z56: 655 | AA56: 45826 | AB56: 655 | AC56: 45797 | AD56: 655 | AE56: 45793 | AF56: 655 | AG56: 45735 | AH56: 655 | AI56: 45706 | AJ56: 615 | AK56: 45677
A57: 44256 | C57: Московский т-т д. 119 | D57: 25 | E57: 6 | F57: http://109.68.171.173:81/ | G57: запад | H57: Сафиуллин Раниф | I57: Ростелеком | J57: 572011701077 | K57: Спутник | L57: 21 числа | M57: 774 | N57: 774 | O57: 46009 | P57: 774 | Q57: 45979 | R57: 774 | S57: 45947 | T57: 774 | U57: 45919 | V57: 774 | W57: 774 | X57: 494 | Y57: 45856 | Z57: 474 | AA57: 45826 | AB57: 474 | AC57: 45797 | AD57: 0 | AH57: 624 | AI57: 45715
A58: 43143 | B58: 18 | C58: Московский т. 108 А | E58: 2 | F58: http://92.255.169.184 | G58: запад | H58: Безопасный город | I58: Дом.ру | J58: ФК 5610 | K58: Спутник | L58: 10 числа | M58: без.нал | AB58: 0 | AE58: 45392
A59: 43799 | B59: 20 | C59: Пролетарская 120а | E59: 2 | F59: http://89.250.147.126:80 | G59: запад | H59: Безопасный город | I59: Дом.ру | J59: ФК 5610 | K59: Спутник | L59: 10 числа | M59: без.нал | AB59: 0 | AE59: 45392
A60: 43872 | B60: 17 | C60: Степная д.1 А | E60: 5 | F60: http://92.255.171.53:8888/ | G60: запад | H60: Безопасный город | I60: Дом.ру | J60: ФК 5610 | K60: Спутник | L60: 10 числа | M60: без.нал | AB60: 0 | AE60: 45392 | AF60: перевели в ростелеком
A61: 43872 | C61: Стапная 1а | D61: 32 | E61: 5 | F61: http://89.204.26.134:81/ | G61: запад | H61: Колова Юлия | I61: Ростелеком | J61: 572011702206 | K61: Сптутник | L61: 21 числа | M61: 924 | N61: 924 | O61: 46010 | P61: 924 | Q61: 45979 | R61: 924 | S61: 45947 | T61: 924 | U61: 45919 | V61: 924 | W61: 924 | X61: 924 | Y61: 45856 | Z61: 828 | AA61: 45826 | AB61: 389.62 | AC61: 45797 | AD61: 0 | AF61: 699 | AG61: 45723
A62: 44593 | B62: 8 | C62: Червишевский д.78 | D62: 38 | E62: 6 | F62: http://178.46.156.24/ | G62: запад | H62: Шепелев Дмитрий Николаевич | I62: Ростелеком | J62: 572 011 470 196 | K62: Спутник | L62: 21 числа | M62: 655 | N62: 655 | O62: 46010 | P62: 0 | R62: 655 | S62: 45947 | T62: 655 | U62: 45919 | V62: 655 | W62: 655 | X62: 655 | Y62: 45856 | Z62: 655 | AA62: 45826 | AB62: 685 | AC62: 45797 | AD62: 685 | AE62: 45793 | AF62: 685 | AG62: 45735 | AH62: 685 | AI62: 45706 | AJ62: 645 | AK62: 45677
A63: 44435 | B63: 5 | C63: Червишевский т-т 94 | D63: 39 | E63: 8 | F63: Кинетик нужен | G63: запад | H63: Сафиуллин Раниф | I63: Дом.ру | J63: 720010938551 | K63: Спутник | L63: 4 числа | M63: 1015 | N63: 1190 | O63: 46010 | P63: 1015 | Q63: 45980 | R63: 1015 | S63: 45950 | T63: 1015 | U63: 45919 | V63: 1015 | W63: 1015 | X63: 1015 | Y63: 45861 | Z63: 1015 | AA63: 45826 | AB63: 1015 | AC63: 45797 | AD63: 1015 | AE63: 45763 | AF63: 845 | AG63: 45735 | AH63: 845.01 | AI63: 45706 | AJ63: 845 | AK63: 45678
A64: 44435 | B64: 6 | C64: Червишевский т-т 94 2 точка | D64: 40 | E64: 8 | F64: Кинетик нужен | G64: запад | H64: Сафиуллин Раниф | I64: Дом.ру | J64: 720011048396 | K64: Спутник | L64: 4 числа | M64: 1015 | N64: 1190 | O64: 46010 | P64: 1015 | Q64: 45980 | R64: 1015 | S64: 45950 | T64: 1015 | U64: 45919 | V64: 1015 | W64: 1015 | X64: 1015 | Y64: 45861 | Z64: 1015 | AA64: 45826 | AB64: 1015 | AC64: 45797 | AD64: 1015 | AE64: 45763 | AF64: 845 | AG64: 45735 | AH64: 845.01 | AI64: 45706 | AJ64: 845 | AK64: 45678
A65: 44909 | B65: 11 | C65: Ямская д. 94 | D65: 42 | E65: 2 | F65: http://90.151.249.227:81/ | G65: запад | H65: Сафиуллин Раниф | I65: Ростелеком | J65: 572011517442 | K65: Спутник, камеры | L65: 21 числа | M65: 795 | N65: 795 | O65: 46010 | P65: 795 | Q65: 45979 | R65: 795 | S65: 45947 | T65: 795 | U65: 45919 | V65: 795 | W65: 795 | X65: 634 | Y65: 45856 | Z65: 795 | AA65: 45826 | AB65: 795 | AC65: 45797 | AD65: 795 | AE65: 45793 | AF65: 795 | AG65: 45735 | AH65: 795 | AI65: 45706 | AJ65: 755 | AK65: 45677
A66: 44559 | B66: 10 | C66: Ямская д.73 | D66: 43 | E66: 6 | F66: http://83.136.113.253/ | G66: запад | H66: Сафиуллин Раниф | I66: Ростелеком | J66: 572011461680 | K66: Спутник | L66: 21 числа | M66: 655 | N66: 655 | O66: 46010 | P66: 655 | Q66: 45979 | R66: 655 | S66: 45947 | T66: 655 | U66: 45919 | V66: 655 | W66: 655 | X66: 494 | Y66: 45856 | Z66: 655 | AA66: 45826 | AB66: 655 | AC66: 45797 | AD66: 655 | AE66: 45793 | AF66: 655 | AG66: 45735 | AH66: 655 | AI66: 45706 | AJ66: 615 | AK66: 45677
A67: 45108 | B67: 9 | C67: Ямская д. 57 | D67: 44 | E67: 10 | F67: http://85.15.189.158:81/ | G67: запад | H67: Сафиуллин Раниф | I67: Ростелеком | J67: 572011558625 | K67: камеры | L67: 21 числа | M67: 714 | N67: 714 | O67: 46010 | P67: 714 | Q67: 45979 | R67: 714 | S67: 45947 | T67: 714 | U67: 45919 | V67: 714 | W67: 714 | X67: 714 | Y67: 45856 | Z67: 714 | AA67: 45826 | AB67: 759 | AC67: 45797 | AD67: 759 | AE67: 45793 | AF67: 759 | AG67: 45735 | AH67: 759 | AI67: 45706 | AJ67: 719 | AK67: 45677
A68: 44004 | B68: 14 | C68: Ямская д. 96 | E68: 6 | F68: http://92.255.171.73 | G68: запад | H68: Безопасный город | I68: Дом.ру | J68: ФК 5610 | K68: Спутник | L68: 10 числа | M68: без.нал | AB68: 0 | AE68: 45392 | AF68: перевели в ростелеком
A69: 44004 | C69: Ямская д. 96 | D69: 45 | E69: 6 | F69: http://178.46.153.52:81 | G69: запад | H69: Колова Юлия | I69: Ростелеком | J69: 572011702308 | K69: Спутник | L69: 21 числа | M69: 774 | N69: 774 | O69: 46009 | P69: 774 | Q69: 45979 | R69: 774 | S69: 45947 | T69: 774 | U69: 45919 | V69: 774 | W69: 774 | X69: 774 | Y69: 45856 | Z69: 774 | AA69: 45826 | AB69: 550 | AC69: 45797 | AD69: 0 | AF69: 924 | AG69: 45723
C70: Ямская д. 98 | D70: 46 | E70: 4 | G70: запад | H70: Колова Юлия | I70: Дом.ру | J70: 720016783713 | K70: Спутник | M70: 900 | N70: 900 | O70: 46010 | P70: 900 | Q70: 45980 | R70: 900 | S70: 45950 | T70: 900 | U70: 45919 | V70: 900 | W70: 900 | X70: 900 | Y70: 45861 | Z70: 900 | AA70: 45826 | AB70: 900 | AC70: 45797 | AD70: 900 | AE70: 45763 | AF70: 900 | AG70: 45735 | AH70: 900 | AI70: 45706 | AJ70: 900.01 | AK70: 45678
A71: 43851 | B71: 13 | C71: Ямская д.100 | D71: 47 | E71: 5 | F71: http://92.255.165.160:8888/ | G71: запад | H71: Колова Юлия | I71: Дом.ру | J71: 720015159630 | K71: Спутник | L71: 8 числа | M71: 980 | N71: 1110 | O71: 46010 | P71: 980 | Q71: 45980 | R71: 980 | S71: 45950 | T71: 980 | U71: 45919 | V71: 980 | W71: 980 | X71: 980 | Y71: 45861 | Z71: 980 | AA71: 45826 | AB71: 980 | AC71: 45797 | AD71: 981 | AE71: 45763 | AF71: 850 | AG71: 45735 | AH71: 850 | AI71: 45706 | AJ71: 850 | AK71: 45678
A72: 43888 | B72: 12 | C72: Ямская д.102а | E72: 1 | F72: http://188.186.177.146:8888 | G72: запад | H72: Безопасный город | I72: Дом.ру | J72: ФК 5610 | K72: Спутник | L72: 10 числа | M72: без.нал | AB72: 0 | AE72: 45392
A73: 43719 | B73: 15 | C73: Ямская д.98 | E73: 4 | F73: http://188.186.178.245:8888 | G73: запад | H73: Безопасный город | I73: Дом.ру | J73: ФК 5610 | K73: Спутник | L73: 10 числа | M73: без.нал | AB73: 0 | AE73: 45392
C74: Таврическая д.2 | D74: 48 | G74: запад | H74: Лобанова Анна | I74: Дом.ру | J74: 720016799798 | K74: Спутник | M74: 700 | N74: 820 | O74: 46010 | P74: 700 | Q74: 45980 | R74: 700 | S74: 45950 | T74: 700 | U74: 45919 | V74: 700 | W74: 700 | X74: 700 | Y74: 45861 | Z74: 700 | AA74: 45826 | AB74: 700 | AC74: 45797 | AD74: 700 | AE74: 45763 | AF74: 700 | AG74: 45735 | AH74: 700 | AI74: 45707 | AJ74: 700 | AK74: 45678
A75: 45698 | C75: Моск тракт 117 | D75: 50 | G75: запад | H75: Сафиуллин Раниф | I75: Ростелеком | J75: 572011691316 | K75: Спутник, камеры | M75: 705 | N75: 705 | O75: 46009 | P75: 705 | Q75: 45979 | R75: 705 | S75: 45947 | T75: 705 | U75: 45919 | V75: 705 | W75: 705 | X75: 705 | Y75: 45856 | Z75: 705 | AA75: 45826 | AB75: 705 | AC75: 45797 | AD75: 705 | AE75: 45793 | AF75: 705 | AG75: 45735 | AH75: 90.97 | AI75: 45706
A76: 45839 | C76: Пархоменко д. 1 | D76: 52 | E76: 3 | G76: запад | H76: Колова Юлия | I76: Ростелеком | J76: 572 011 718 930 | K76: Спутник | M76: 849 | N76: 849 | O76: 46010 | P76: 849 | Q76: 45979 | R76: 849 | S76: 45947 | T76: 849 | U76: 45919 | V76: 28.3 | W76: 28.3 | X76: 1049
C77: Полевая д. 27 | D77: 53 | E77: 16 | G77: запад | H77: Лобанова Анна | I77: Дом.ру | J77: 720018759055 | K77: Спутник | M77: 970 | N77: 970 | O77: 46010 | P77: 950 | Q77: 45980 | R77: =950+1900 -> 2850 | S77: 45950
A78: 45992 | C78: Садовая 117 | D78: 63 | E78: 1 | G78: запад | H78: Колова Юлия | I78: Дом.ру | J78: 720019236764 | K78: Спутник, камеры | L78: 8 числа | M78: 1144 | N78: 1144 | O78: 46010
A79: 45839 | C79: Республики 241/республики 190 кв 11 | D79: 54 | E79: 1 | G79: Монолит | H79: Колова Юлия | I79: Дом.ру | J79: 720018352043 | K79: Спутник, камеры | L79: 26 числа | M79: 950+200=1150 | N79: 1150 | O79: 46010 | P79: 1150 | Q79: 45980 | R79: 1150 | S79: 45950 | T79: 1150 | U79: 45919 | V79: 1150 | W79: 1150
A80: 45870 | C80: Республики 243/республики 188 кв 45 | D80: 55 | E80: 1 | G80: Монолит | H80: Колова Юлия | I80: Дом.ру | J80: 720018416617 | K80: Спутник, камеры | L80: 06 числа | M80: 950+200=1150 | N80: 1171 | O80: 46010 | P80: 1150 | Q80: 45980 | R80: 1151 | S80: 45950 | T80: 1150 | U80: 45919 | V80: 1144 | W80: 1144
A81: 45870 | C81: Республики 239/республики 190 кв 12 | D81: 56 | E81: 1 | G81: Монолит | H81: Колова Юлия | I81: Дом.ру | J81: 720018423312 | K81: Спутник, камеры | L81: 07 числа | M81: 950+200=1150 | N81: 1170 | O81: 46010 | P81: 1150 | Q81: 45980 | R81: 1150 | S81: 45950 | T81: 1150 | U81: 45919 | V81: 1125 | W81: 1125
A82: 45870 | C82: Мельникайте 115/луначарского 38-59 | D82: 57 | G82: Монолит | H82: Колова Юлия | I82: Дом.ру | J82: 720018461921 | K82: Камеры | L82: 15 числа | M82: 1150 | N82: 1150 | O82: 46010 | P82: 1150 | Q82: 45980 | R82: 0 | T82: 0
A83: 45847 | C83: Игримская д. 20 | D83: 59 | E83: 1 | G83: Монолит | H83: Бажкова Ирина Анатольевна | I83: Дом.ру | J83: 720016244669 | K83: Спутник, камеры | L83: 31 числа | M83: =1258.64+200 -> 1458.64 | N83: 1149 | O83: 46010 | P83: 1149 | Q83: 45980 | R83: 1007 | S83: 45950 | T83: 1313 | U83: 45919 | V83: 1222 | W83: 1222 | X83: 1311 | Y83: 45861
A84: 45901 | C84: Ермака 29 | D84: 60 | G84: Монолит | H84: Маркова Наталья | I84: ТелеСети | J84: 132579 | K84: Камеры | L84: 31 числа | M84: 720 | N84: 720 | O84: 46009 | P84: 650 | Q84: 45980
A85: 45992 | C85: Мельникайте 113 кв 210 | D85: 61 | E85: 1 | G85: Монолит | H85: Колова Юлия | I85: Ростелеком | J85: 572011744475 | K85: Спутник, камеры | L85: 21 числа | M85: 675 | N85: 45 | O85: 46010
A86: 45992 | C86: Игримская 36 | D86: 64 | E86: 6 | G86: Монолит | H86: Лобанова Анна | I86: Дом.ру | J86: 720019370482 | K86: Спутник, камеры | M86: 1150
A87: 45962 | C87: Червишевский т-т 31 | D87: 62 | E87: 8 | G87: ТСЖ Электрон | H87: Колова Юлия | I87: МТС | J87: 60401002562 | K87: Спутник, камеры | M87: =450+150 -> 600 | N87: 600 | O87: 46009 | P87: 450 | Q87: 45979
A88: 45992 | C88: В.Гнаровской 7 | D88: 65 | G88: ТСН Вавилон | H88: Колова Юлия | I88: МТС | K88: Камеры
A89: 45383 | B89: 70 | C89: Республики д. 212 | D89: 30 | G89: ирида | H89: Сафиуллин Раниф | I89: Ростелеком | J89: 572011610776 | K89: Спутник | L89: 21 числа | M89: 774 | N89: 774 | O89: 46010 | P89: 774 | Q89: 45979 | R89: 922 | S89: 45950 | T89: 1595 | U89: 45919 | V89: 774 | W89: 774 | X89: 774 | Y89: 45856 | Z89: 774 | AA89: 45826 | AB89: 774 | AC89: 45797 | AD89: 774 | AE89: 45793 | AF89: 774 | AG89: 45735 | AH89: 774 | AI89: 45706 | AJ89: 774 | AK89: 45677
C90: Республики д. 220 | D90: 31 | G90: ирида | H90: Сафиуллин Раниф | I90: Ростелеком | J90: 572011654386 | K90: Спутник | L90: 21 числа | M90: 774 | N90: 774 | O90: 46009 | P90: 774 | Q90: 45979 | R90: 774 | S90: 45947 | T90: 774 | U90: 45919 | V90: 774 | W90: 774 | X90: 774 | Y90: 45856 | Z90: 774 | AA90: 45826 | AB90: 774 | AC90: 45797 | AD90: 774 | AE90: 45793 | AF90: 774 | AG90: 45735 | AH90: 774 | AI90: 45706 | AJ90: 774 | AK90: 45677
C91: Врпрвского 27 | N91: 7820
A92: 43823 | B92: 53 | C92: Транспортная д. 108 | D92: 33 | E92: 8 | F92: статики нет | G92: Ладья | H92: Лобанова Анна | I92: Дом.ру | J92: 720015499042 | K92: Спутник | L92: 14 числа | M92: 780 | N92: 910 | O92: 46010 | P92: 780 | Q92: 45980 | R92: 780 | S92: 45950 | T92: 780 | U92: 45919 | V92: 780 | W92: 780 | X92: 780 | Y92: 45861 | Z92: 780 | AA92: 45826 | AB92: 780 | AC92: 45797 | AD92: 780 | AE92: 45763 | AF92: 650 | AG92: 45735 | AH92: 650 | AI92: 45706 | AJ92: 650 | AK92: 45678
B93: 54 | C93: Тюмень офис | D93: 34 | G93: ГЭ | H93: Якупов Марат | I93: Yota | J93: 6063194562 | K93: офис, камера | L93: 23 числа | M93: 550 | N93: 0 | P93: 0 | R93: 0 | T93: 0 | V93: отключили | X93: 0 | Z93: 0 | AA93: 45826 | AB93: 0 | AD93: 0 | AF93: 550 | AG93: 45735 | AH93: 550 | AI93: 45707 | AJ93: 550 | AK93: 45682
C94: Тюмень офис | D94: 35 | G94: ГЭ | H94: Колова Юлия | I94: Ростелеком | J94: 572011705572 | K94: интрнет офис | M94: 849 | N94: 849 | O94: 46010 | P94: 849 | Q94: 45979 | R94: 849 | S94: 45947 | T94: 849 | U94: 45919 | V94: 546.58 | W94: 546.58 | X94: 474 | Y94: 45856 | Z94: 474 | AA94: 45826 | AB94: 54.78 | AC94: 45797 | AD94: 0
A95: 45716 | C95: Одесская 44 к 1 | D95: 36 | G95: ТЭСК | H95: Сафиуллин Раниф | I95: Ростелеком | J95: 572 011 701 076 | K95: камеры | L95: 21 числа | M95: 774 | N95: 774 | O95: 46009 | P95: 774 | Q95: 45979 | R95: 774 | S95: 45947 | T95: 0 | V95: 774 | W95: 774 | X95: 504 | Y95: 45856 | Z95: 474 | AA95: 45826 | AB95: 474 | AC95: 45797 | AD95: 115.93 | AE95: 45793 | AH95: 525 | AI95: 37315
A96: 44896 | B96: 68 | C96: Одессская д. 44 | D96: 37 | F96: http://89.204.58.181:8082 | G96: юг | H96: Алешина Любовь Валентиновна +7 (961) 214-92-23 | I96: Ростелеком | J96: 572 011 448 415 | K96: Камеры | L96: 21 числа | M96: 680 | N96: 680 | O96: 46010 | P96: 680 | Q96: 45979 | R96: 680 | S96: 45949 | T96: 680 | U96: 45919 | V96: 680 | W96: 680 | X96: 680 | Y96: 45856 | Z96: 680 | AA96: 45826 | AB96: 680 | AC96: 45797 | AD96: 680 | AE96: 45793 | AF96: =680+315 -> 995 | AG96: 45735 | AH96: 680 | AI96: 45706 | AJ96: 680 | AK96: 45678
A97: 45383 | B97: 69 | C97: Широтная д. 125 | D97: 41 | F97: http://178.46.154.184:81/ | G97: Восток-сити | H97: Сафиуллин Раниф | I97: Ростелеком | J97: 572011440926 | K97: Спутник | L97: 21 числа | M97: 685 | N97: 685 | O97: 46010 | P97: 685 | Q97: 45979 | R97: 685 | S97: 45947 | T97: 685 | U97: 45919 | V97: 685 | W97: 685 | X97: 685 | Y97: 45856 | Z97: 685 | AA97: 45826 | AB97: 685 | AC97: 45797 | AD97: 685 | AE97: 45793 | AF97: 685 | AG97: 45735 | AH97: 685 | AI97: 45706 | AJ97: 645 | AK97: 45677
A98: 45573 | C98: Чернышевского 2бк2 | D98: 49 | G98: На Полевой | H98: Сафиуллин Раниф | I98: Ростелеком | J98: 572011674007 | K98: Спутник, камеры | L98: 21 числа | M98: 630 | N98: 630 | O98: 46009 | P98: 630 | Q98: 45979 | R98: 630 | S98: 45947 | T98: 630 | U98: 45919 | V98: 630 | W98: 630 | X98: 630 | Y98: 45856 | Z98: 630 | AA98: 45826 | AB98: 630 | AC98: 45797 | AD98: 630 | AE98: 45793 | AF98: 630 | AG98: 45735 | AH98: 630 | AI98: 45706 | AJ98: 581.62 | AK98: 45677
A99: 45839 | C99: Малышева 24 к 1 | D99: 58 | E99: 2 | G99: УК Высота | H99: Колова Юлия | I99: Дом.ру | J99: 720018363854 | K99: Спутник | L99: до 28 | M99: 950 | N99: 950 | O99: 46010 | P99: 950 | Q99: 45980 | R99: 950 | S99: 45950 | T99: 950 | U99: 45919 | V99: 950 | W99: 950
B100: ИТОГО К ОПЛАТЕ | N100: =SUM(N4:N99) -> 58900 | P100: =SUM(P4:P99) -> 46351.01 | R100: =SUM(R4:R99) -> 45488 | T100: =SUM(T4:T99) -> 42624 | V100: =SUM(V4:V99) -> 40228.88 | X100: =SUM(X4:X99) -> 35438 | Z100: =SUM(Z4:Z99) -> 32957 | AB100: =SUM(AB4:AB99) -> 31656.4 | AD100: =SUM(AD4:AD99) -> 28550.86 | AF100: =SUM(AF4:AF99) -> 30923 | AH100: =SUM(AH4:AH99) -> 28546 | AJ100: =SUM(AJ4:AJ99) -> 26283.63
L102: жсу | N102: =SUM(N4:N14) -> 8684 | P102: =SUM(P4:P14) -> 7878.01 | R102: =SUM(R4:R14) -> 6703 | T102: =SUM(T4:T14) -> 6703 | V102: =SUM(V4:V14) -> 6038 | X102: =SUM(X4:X14) -> 6433 | Z102: =SUM(Z4:Z14) -> 5203 | AB102: =SUM(AB4:AB14) -> 5088 | AD102: =SUM(AD4:AD14) -> 4505.93 | AF102: =SUM(AF4:AF14) -> 4374 | AH102: =SUM(AH4:AH14) -> 4798 | AJ102: =SUM(AJ4:AJ14) -> 4094 | AL102: =SUM(N102:AJ102) -> 70501.94
L103: ЖЭУ 9 | N103: =SUM(N16:N17) -> 1369 | P103: =SUM(P16:P17) -> 1099 | R103: =SUM(R16:R17) -> 1099 | T103: =SUM(T16:T17) -> 1022 | V103: =SUM(V16:V17) -> 700 | X103: =SUM(X16:X17) -> 700 | Z103: =SUM(Z16:Z17) -> 700 | AB103: =SUM(AB16:AB17) -> 700 | AD103: =SUM(AD16:AD17) -> 700 | AF103: =SUM(AF16:AF17) -> 850 | AH103: =SUM(AH16:AH17) -> 700 | AJ103: =SUM(AJ16:AJ17) -> 700 | AL103: =SUM(N103:AJ103) -> 10339
...

Sheet Зион
A1: Дата начало обслу-ания | C1: Адреса и где находится шкаф в примечании | D1: Кол-во подъездов | E1: Ссылки на роутер | F1: УК | G1: ФИО | H1: Оператор | I1: Договор, логин и пароль в примечании | J1: Что установлено | K1: Дата списание абонетской платы | L1: Тариф | M1: оплата в январь | O1: оплата в декабре | Q1: оплата в ноябре | S1: оплата в октябре | U1: оплата в сентяборе | W1: оплата в августе | Y1: оплата в июле | AA1: оплата в июне | AC1: оплата в мае | AE1: оплата в апреле | AG1: оплата в марте | AI1: оплата за февраль | AK1: оплата за январь
B2: 1 | C2: Центральная 173 | F2: тринити | G2: Сафиуллин Раниф Рифхатович, дом 173 кв 4 | H2: Таттелеком | I2: 106 155 307 | J2: Камеры | K2: 25 числа | L2: 650 | O2: 650 | P2: 46009 | Q2: 650 | R2: 45980 | S2: 650 | T2: 45950 | U2: 650 | V2: 45919 | W2: 650 | X2: 650 | Y2: 650 | Z2: 45861 | AA2: 650 | AB2: 45827 | AC2: 650 | AD2: 45797 | AE2: 650 | AF2: 45763 | AG2: 650 | AH2: 45735 | AI2: 650 | AJ2: 45706 | AK2: 650 | AL2: 45678 | AX2: //
B3: 2 | C3: Зион -2 103 dom | F3: тринити | G3: Якупов Марат Мансурович | H3: Yota | I3: 6063194562 | J3: Камеры | L3: 665 | O3: 665 | P3: 46009 | Q3: 665 | R3: 45979 | S3: 665 | T3: 45947 | U3: 665 | V3: 45919 | W3: 665 | X3: 45889 | Y3: 665 | Z3: 45861 | AA3: 665 | AB3: 45826 | AC3: 665 | AD3: 45797 | AE3: 550 | AF3: 45763 | AG3: 550 | AH3: 45735 | AI3: 550 | AJ3: 45707 | AK3: 550 | AL3: 45678
B4: 3 | C4: 165 dom | F4: тринити | G4: Якупов Марат Мансурович | H4: Yota | I4: 6063194562 | J4: Камеры | K4: 26 числа | L4: 600 | P4: 46009 | W4: 0 | X4: 45889 | Y4: 1700 | Z4: 45856 | AA4: 850 | AB4: 45826 | AC4: 600 | AD4: 45797 | AE4: 600 | AF4: 45763 | AG4: 600 | AH4: 45735 | AI4: 600 | AJ4: 45707 | AK4: 600 | AL4: 45678
C5: ЖК Комфорт на столбе у въезда | F5: тринити | G5: Якупов Марат Мансурович | H5: Yota | I5: 6063194562 | J5: Камеры | K5: 19 числа | L5: 850 | O5: 850 | P5: 46009 | Q5: 850 | R5: 45979 | S5: 850 | T5: 45947 | U5: 850 | V5: 45919 | W5: 850 | X5: 45889 | Y5: 850 | Z5: 45861 | AA5: 850 | AB5: 45826 | AC5: 850 | AD5: 45797 | AE5: 1700 | AF5: 45763
B6: 4 | C6: 179 dom | F6: тринити | G6: Якупов Марат Мансурович | H6: Yota | I6: 6063194562 | J6: Камеры | K6: 13 числа | L6: 785 | O6: 0 | Q6: 0 | S6: 0 | U6: 0 | W6: 785 | X6: 45889 | Y6: 785 | Z6: 45861 | AA6: 785 | AB6: 45826 | AC6: 785 | AD6: 45797 | AE6: 650 | AF6: 45763 | AG6: 650 | AH6: 45735 | AI6: 650 | AJ6: 45707 | AK6: 650 | AL6: 45678
C7: Зион 193 жители | F7: тринити | G7: Якупов Марат Мансурович | H7: Yota | I7: 6063194562 | J7: Камеры | K7: 22 число | L7: 665 | O7: 0 | Q7: 0 | S7: 0 | U7: 0 | W7: 665 | X7: 45889 | Y7: 665 | Z7: 45856 | AA7: 665 | AB7: 45826 | AC7: 550 | AD7: 45797 | AE7: 550 | AF7: 45763
B8: 5 | C8: 195-193 dom | F8: тринити | G8: Якупов Марат Мансурович | H8: Yota | I8: 6063194562 | J8: Камеры | K8: 28 числа | L8: 650 | W8: отключили | X8: 45889 | Y8: 0 | AA8: 0 | AB8: 45826 | AC8: отключили | AE8: отключили | AG8: 600 | AH8: 45740 | AJ8: отключили | AK8: 650 | AL8: 45678
C9: 195-193 dom | F9: тринити | H9: билайн | I9: 8 962 212 5497 | K9: 18 числа и 5 | L9: 544 | O9: 544 | Q9: 544 | R9: 45979 | S9: 544 | T9: 45949 | U9: 544 | W9: 544 | X9: 272 | Y9: 544 | AA9: 544 | AC9: 544 | AD9: 45797 | AE9: 544 | AF9: 45763 | AG9: 550 | AH9: 45734 | AI9: 500 | AJ9: 45707
C10: 187 dom | F10: тринити | H10: билайн | I10: 962 206 60 97 | K10: 18 числа и 5 | L10: 500 | O10: 500 | Q10: 500 | R10: 45979 | S10: 500 | T10: 45949 | U10: 500 | W10: 500 | X10: 250 | Y10: 500 | AA10: 500 | AC10: 500 | AD10: 45797 | AE10: 500 | AF10: 45763
B11: 17 | C11: 155 dom эта симка на камеры жителей | F11: тринити | G11: Якупов Марат Мансурович | H11: Yota | I11: 6063194562 | J11: Камеры | K11: 22 числа | L11: 600 | P11: 46009 | W11: отключили | X11: 45889 | Y11: 0 | AA11: 0 | AB11: 45826 | AC11: отключили | AE11: отключили | AI11: 600 | AJ11: 45707 | AK11: 600 | AL11: 45678
C12: 145 дом, с него на 155 перекинем | E12: http://83.69.106.213 | F12: тринити | H12: Билайн | I12: 0894 472 296 | J12: Камеры | K12: 6 числа | L12: 1150 | O12: 1150 | P12: 46009 | Q12: 1150 | R12: 45999 | S12: 1150 | T12: 45949 | U12: 1150 | V12: 45919 | W12: 1150 | X12: 1150 | Y12: 1150 | Z12: 45861 | AA12: 1150 | AB12: 45826 | AC12: 1150 | AD12: 45797 | AE12: 1150 | AF12: 45763 | AG12: 1150 | AH12: 45730
B13: 19 | C13: 187 dom | F13: тринити | G13: Якупов Марат Мансурович | H13: Yota | I13: 6063194562 | J13: Камеры | K13: 01 числа | L13: 700 | W13: отключили | Y13: 0 | AA13: 0 | AB13: 45826 | AC13: отключили | AE13: отключили | AG13: 700 | AH13: 45735 | AI13: 700 | AJ13: 45707 | AK13: 700 | AL13: 45678
C14: 189 dom | F14: тринити | G14: Сафиуллин Раниф Рифхатович | H14: Yota | I14: 6064832807 | J14: Камеры | L14: 725 | O14: 725 | P14: 46009 | Q14: 725 | R14: 45979 | S14: 725 | T14: 45947 | U14: 725 | V14: 45919 | W14: 725 | X14: 45889 | Y14: 725 | Z14: 45861 | AA14: 725 | AB14: 45826 | AC14: 725 | AD14: 45797 | AE14: 600 | AF14: 45763 | AG14: 600 | AH14: 45735 | AI14: 600 | AJ14: 45707 | AK14: 600 | AL14: 45678
B15: 21 | C15: Центральная 169-171 | F15: тринити | G15: Сафиуллин Раниф Рифхатович | H15: Yota | I15: 6064832807 | J15: Камеры | K15: 23 числа | L15: 785 | O15: 0 | Q15: 0 | S15: 0 | U15: 0 | W15: 0 | X15: 0 | Y15: 785 | Z15: 45861 | AA15: 785 | AB15: 45826 | AC15: 785 | AD15: 45797 | AE15: 650 | AF15: 45763 | AG15: 1300 | AH15: 45735 | AI15: 650 | AJ15: 45706 | AK15: 650 | AL15: 45673
C16: Зион, Центральная 165 | F16: тринити | G16: Букин Александр | H16: таттелеком | I16: 105 891 794 | J16: Камеры | M16: 400 | O16: 400 | P16: 46009
C17: Напоминаем, для оплаты услуги интернет необходимо сделать перевод на карту Сбербанк 2202 2032 2647 9485 Тинькофф 5536 9139 3963 9122 В комментариях указав цифры абонентского номера «1176» | F17: ЗИОН | H17: Билайн | J17: Камеры | L17: 2500 | O17: 0 | P17: 0 | Q17: 0 | S17: 0 | U17: 0 | W17: 0 | X17: 0 | Y17: 0 | AA17: 0 | AB17: 0 | AC17: 0 | AE17: 0 | AG17: 2500 | AH17: 45735 | AI17: 2500 | AJ17: 45707 | AK17: 2500 | AL17: 45678
B18: 6 | C18: Зион-2 115 dom | F18: застройщик | G18: Якупов Марат Мансурович | H18: Yota | I18: 6063194562 | J18: Камеры | K18: 28 числа | L18: 665 | O18: 665 | P18: 46009 | Q18: 0 | S18: 665 | T18: 45947 | U18: 665 | V18: 45919 | W18: 665 | X18: 45889 | Y18: 665 | Z18: 45861 | AA18: 665 | AB18: 45826 | AC18: 550 | AD18: 45797 | AE18: 550 | AF18: 45763 | AG18: 550 | AH18: 45735 | AI18: 550 | AJ18: 45707 | AK18: 550 | AL18: 45678
B19: 7 | C19: Зион-2 135 dom | F19: застройщик | G19: Якупов Марат Мансурович | H19: Yota | I19: 6063194562 | J19: Камеры | K19: 20 числа | L19: 725 | O19: 725 | P19: 46009 | Q19: 725 | R19: 45979 | S19: 725 | T19: 45947 | U19: 725 | V19: 45919 | W19: 725 | X19: 45889 | Y19: 725 | Z19: 45861 | AA19: 1450 | AB19: 45826 | AC19: 725 | AD19: 45796 | AE19: 600 | AF19: 45763 | AG19: 1200 | AH19: 45735 | AI19: 600 | AJ19: 45706 | AK19: 600 | AL19: 45673
B20: 8 | C20: Зион-3 ЖК Комфорт камеры бытовки | F20: застройщик | G20: Якупов Марат Мансурович | H20: Yota | I20: 6063194562 | J20: Камеры | K20: 18 числа | L20: 665 | O20: 665 | P20: 46009 | Q20: 665 | R20: 45979 | S20: 665 | T20: 45947 | U20: 665 | V20: 45919 | W20: 665 | X20: 45889 | Y20: 665 | Z20: 45861 | AA20: 665 | AB20: 45826 | AC20: 665 | AD20: 45797 | AE20: 550 | AF20: 45763 | AG20: 550 | AH20: 45735 | AI20: 0 | AJ20: 550 | AK20: 550 | AL20: 45673
B21: 9 | C21: Зион-2 заезд | F21: застройщик | G21: Якупов Марат Мансурович | H21: Yota | I21: 6063194562 | J21: Камеры | K21: 19 числа | L21: 665 | O21: 665 | P21: 46009 | Q21: 665 | R21: 45979 | S21: 665 | T21: 45947 | U21: 665 | V21: 45919 | W21: 665 | X21: 45889 | Y21: 665 | Z21: 45861 | AA21: 665 | AB21: 45826 | AC21: 665 | AD21: 45797 | AE21: 550 | AF21: 45763 | AG21: 550 | AH21: 45735 | AI21: 0 | AJ21: 550 | AK21: 550 | AL21: 45673
B22: 10 | C22: Зион-2 101 dom | F22: застройщик | G22: Якупов Марат Мансурович | H22: Yota | I22: 6063194562 | J22: Камеры | K22: 6 числа | L22: 665 | O22: 665 | P22: 46009 | Q22: 665 | R22: 45979 | S22: 665 | T22: 45947 | U22: 665 | V22: 45919 | W22: 665 | X22: 45889 | Y22: 665 | Z22: 45861 | AA22: 665 | AB22: 45826 | AC22: 665 | AD22: 45797 | AE22: 550 | AF22: 45763 | AG22: 550 | AH22: 45735 | AI22: 550 | AJ22: 45707 | AK22: 550 | AL22: 45678
B23: 11 | C23: Зион-2 26 dom | F23: застройщик | G23: Якупов Марат Мансурович | H23: Yota | I23: 6063194562 | J23: Камеры | K23: 19 числа | L23: 665 | O23: 665 | P23: 46009 | Q23: 665 | R23: 45979 | S23: 665 | T23: 45947 | U23: 665 | V23: 45919 | W23: 665 | X23: 45889 | Y23: 665 | Z23: 45861 | AA23: 665 | AB23: 45826 | AC23: 665 | AD23: 45797 | AE23: 550 | AF23: 45763 | AG23: 550 | AH23: 45735 | AI23: 550 | AJ23: 45707 | AK23: 550 | AL23: 45673
B24: 12 | C24: Зион-2 139 dom | F24: застройщик | G24: Якупов Марат Мансурович | H24: Yota | I24: 6063194562 | J24: Камеры | K24: 6 числа | L24: 665 | O24: 665 | P24: 46009 | Q24: 665 | R24: 45979 | S24: 665 | T24: 45947 | U24: 665 | V24: 45919 | W24: 665 | X24: 45889 | Y24: 665 | Z24: 45861 | AA24: 665 | AB24: 45826 | AC24: 665 | AD24: 45797 | AE24: 550 | AF24: 45763 | AG24: 550 | AH24: 45735 | AI24: 550 | AJ24: 45707 | AK24: 550 | AL24: 45678
B25: 14 | C25: Зион-2 113 dom | F25: застройщик | G25: Якупов Марат Мансурович | H25: Yota | I25: 6063194562 | J25: Камеры | K25: 19 числа | L25: 665 | O25: 665 | P25: 46009 | Q25: 665 | R25: 45979 | S25: 665 | T25: 45947 | U25: 665 | V25: 45919 | W25: 665 | X25: 45889 | Y25: 665 | Z25: 45861 | AA25: 665 | AB25: 45826 | AC25: 665 | AD25: 45797 | AE25: 550 | AF25: 45763 | AG25: 550 | AH25: 45735 | AI25: 0 | AK25: 550 | AL25: 45673
B26: 18 | C26: Зион-2 153 dom стекл.крыша | F26: застройщик | G26: Якупов Марат Мансурович | H26: Yota | I26: 6063194562 | L26: 665 | O26: 665 | P26: 46009 | Q26: 665 | R26: 45979 | S26: 665 | T26: 45947 | U26: 665 | V26: 45919 | W26: 665 | X26: 45889 | Y26: 665 | Z26: 45861 | AA26: 665 | AB26: 45826 | AC26: 665 | AD26: 45797 | AE26: 550 | AF26: 45763 | AG26: 550 | AH26: 45735 | AI26: 550 | AJ26: 45707 | AK26: 550 | AL26: 45678
C27: Центральная 159 | G27: ОПЛАЧИВАЕТ ЖИТЕЛЬ | J27: Камеры | O27: 0 | Q27: 0 | S27: 0 | U27: 0 | W27: 0 | Y27: 0 | AA27: 0 | AC27: 0 | AE27: 0 | AG27: 0
C28: Центральная 167 | G28: ОПЛАЧИВАЕТ ЖИТЕЛЬ | J28: Камеры | O28: 0 | Q28: 0 | S28: 0 | U28: 0 | W28: 0 | Y28: 0 | AA28: 0 | AC28: 0 | AE28: 0 | AG28: 0
C29: Центральная 161 | G29: Берем инет от Василя | O29: 0 | Q29: 0 | S29: 0 | U29: 0 | W29: 0 | Y29: 0 | AA29: 0 | AC29: 0
B30: ИТОГО К ОПЛАТЕ | L30: =SUM(L2:L26) -> 18414 | O30: =SUM(O2:O29) -> 11529 | Q30: =SUM(Q2:Q26) -> 10464 | S30: =SUM(S2:S26) -> 11129 | U30: =SUM(U2:U29) -> 11129 | W30: =SUM(W2:W26) -> 12579 | Y30: =SUM(Y2:Y26) -> 15064 | AA30: =SUM(AA2:AA29) -> 14939 | AC30: =SUM(AC2:AC27) -> 13734 | AE30: =SUM(AE2:AE29) -> 13144 | AG30: =SUM(AG2:AG26) -> 15450 | AI30: =SUM(AI2:AI26) -> 11350 | AK30: =SUM(AK2:AK26) -> 13150
K32: тринити | O32: =SUM(O2:O16) -> 5484 | Q32: =SUM(Q2:Q16) -> 5084 | S32: =SUM(S2:S16) -> 5084 | U32: =SUM(U2:U16) -> 5084 | W32: =SUM(W2:W16) -> 6534 | Y32: =SUM(Y2:Y16) -> 9019 | AA32: =SUM(AA2:AA16) -> 8169 | AC32: =SUM(AC2:AC16) -> 7804 | AE32: =SUM(AE2:AE16) -> 8144 | AG32: =SUM(AG2:AG16) -> 7350 | AI32: =SUM(AI2:AI16) -> 5500 | AK32: =SUM(AK2:AK16) -> 5650 | AM32: =SUM(O32:AL32) -> 78906
K33: застройщик | O33: =SUM(O17:O29) -> 6045 | Q33: =SUM(Q17:Q29) -> 5380 | S33: =SUM(S17:S29) -> 6045 | U33: =SUM(U17:U29) -> 6045 | W33: =SUM(W17:W29) -> 6045 | Y33: =SUM(Y17:Y29) -> 6045 | AA33: =SUM(AA17:AA29) -> 6770 | AC33: =SUM(AC17:AC29) -> 5930 | AE33: =SUM(AE17:AE29) -> 5000 | AG33: =SUM(AG17:AG29) -> 8100 | AI33: =SUM(AI17:AI29) -> 5850 | AK33: =SUM(AK17:AK29) -> 7500 | AM33: =SUM(O33:AL33) -> 74755
AH34: Йота М | AI34: 6300 | AJ34: нужно оплатить до 18.02.25
C35: Совпадение с Вотчером | AH35: Йота М | AI35: 600 | AJ35: Марат до 18.02.25
C36: ZION | AH36: Йота М | AI36: 4500 | AJ36: на март
C37: 153 dom стекл.крыша | AH37: Билайн | AI37: 2500 | AJ37: билайн
C38: Зион-2 заезд | AH38: Билайн | AI38: 500
C39: Зион - 2 на столбе | AH39: татат | AI39: 650
C40: Зион - 2 118 dom | AH40: Йота Р | AI40: 1800 | AJ40: раниф
C41: Зион - 2 135 dom | AI41: =AI33+AI36+AI37+AI38+AI39+AI40 -> 15800
C42: Зион-2 103 dom
C43: 139 dom | AI43: расклад за февраль
C44: Зион-2 101 dom | AI44: было | AJ44: =78925+600 -> 79525
C45: Зион-2 121 dom | AI45: оплатила | AJ45: ='Альметьевск'!AG42+'Казань'!AG17+'Зеленодольск'!AG30+'Иннополис'!AF4+'Иннополис'!AH4+AG30+AI30+'Раниф тест'!AD3+'Тюмень'!AH100+'Тюмень'!AF100+'Марат'!W2 -> 124316
C46: Зион-2 26 dom | AI46: остаток | AJ46: =AJ44-AJ45 -> -44791
C47: Зион-2 113 dom | AI47: перевела их Юле 19.02.25
C48: Зион-2 115 dom
C49: ZION1_155
C50: ЗИОН 2 155 эта симка на камеры жителей
C51: ZION1_165
C52: 165 dom
C53: ZION1_167
C54: Оплачивает житель от Марата
C55: ZION1_169
C56: Центральная 169-171
C57: ZION1_171
C58: Центральная 169-171
C59: ZION1_173
... C74: Центральная 173

Sheet Раниф тест
C1: Адрес | E1: ФИО | F1: Оператор | G1: Договор | H1: К оплате по тарифу | J1: декабрь | L1: ноябрь | N1: октябрь | P1: сентябрь | R1: август | T1: июле | V1: июнь | X1: май | Z1: апрель | AB1: март | AD1: февраль | AF1: январь
A2: 1 | B2: Раниф тест | C2: физ.лицо | D2: Сафиуллин Раниф Рифхатович, дом 173 кв 4 | E2: Yota | F2: 6064832807 | G2: до 1 числа | H2: 665 | P2: не оплачивать перенесли в зелек | R2: не оплачивать перенесли в зелек | T2: 665 | U2: 45861 | V2: 665 | W2: 45826 | X2: 550 | Y2: 45797 | Z2: 550 | AA2: 45763 | AB2: 550 | AC2: 45735 | AD2: 550 | AE2: 45707 | AF2: 550 | AG2: 45678
B3: ИТОГО | T3: 665 | V3: 665 | X3: 550 | Z3: 550 | AB3: 550 | AD3: 550 | AF3: =SUM(AF2) -> 550 | AH3: =SUM(T3:AF3) -> 4080
O4: деньги вернуть Ранифу
AB5: 550

Sheet Марат
A1: К оплате по тарифу | C1: декабрь | E1: ноябрь | G1: октябрь | I1: сентябрь | K1: август | M1: июле | O1: июнь | Q1: май | S1: апрель | U1: март | W1: февраль | Y1: январь
A2: Марат | C2: 850 | E2: 850 | G2: 850 | I2: 850 | K2: 850 | L2: 45889 | M2: 850 | O2: 850 | P2: 45826 | Q2: 600 | R2: 45797 | S2: 600 | T2: 45763 | U2: 600 | V2: 45735 | W2: 600 | X2: 45707 | Y2: 600 | Z2: оплатила
